id,method,name,lat,lon,gfa_ft2,year_built,unit_sqft,heating_usd_yr,cooling_usd_yr,winter_usd,spring_usd,summer_usd,fall_usd,hdd65,cdd65,tmean_f
A2BLD-00001,metered,Huron Towers,42.28532883601899,-83.71725975735541,420210.0,1960,854.0,413.0,93.0,219.0,119.0,81.0,87.0,6440.0,662.0,49.2
A2BLD-00004,metered,Parkway Meadows,42.30703835569719,-83.70872686261505,406394.0,1978,854.0,149.0,78.0,85.0,44.0,65.0,33.0,6555.0,616.0,48.8
A2BLD-00005,metered,Beekman on Broadway,42.290048260087715,-83.73605705486308,253641.0,2020,854.0,101.0,73.0,58.0,31.0,61.0,25.0,6457.0,654.0,49.1
A2BLD-00006,metered,Arbor Landings (rb065),42.28815301662473,-83.79807533846694,366145.0,1988,854.0,240.0,161.0,147.0,67.0,135.0,53.0,6566.0,604.0,48.7
A2BLD-00007,metered,The Courtyards (cr018),42.29527221788695,-83.72133405838062,374667.0,2008,854.0,173.0,131.0,98.0,51.0,116.0,39.0,6506.0,632.0,48.9
A2BLD-00008,metered,The Villas at Main Street,42.2514246295675,-83.7463453779865,517536.0,1997,854.0,190.0,108.0,116.0,52.0,91.0,40.0,6520.0,623.0,48.9
A2BLD-00009,metered,Glacier Hills Campus,42.29095755181592,-83.68039624718588,472700.0,1972,854.0,119.0,211.0,63.0,46.0,178.0,44.0,6517.0,627.0,48.9
A2BLD-00010,metered,The Emerson,42.23980438729171,-83.7544053962217,343473.0,1990,854.0,146.0,130.0,83.0,46.0,109.0,38.0,6518.0,625.0,48.9
A2BLD-00011,metered,585 - Willow Tree Apartments/Willowtree Townhomes,42.30066089393479,-83.71837756041649,324832.0,1968,854.0,357.0,149.0,188.0,107.0,127.0,82.0,6523.0,625.0,48.9
A2BLD-00014,meter_model+resstock,Colonial Square Cooperative,42.23546096168434,-83.69562025071,438482.0,1964,854.0,562.0,93.0,342.0,137.0,78.0,98.0,6464.0,649.0,49.1
A2BLD-00015,metered,Landmark (ln179),42.27450080412622,-83.7327630700436,216230.0,2011,854.0,229.0,34.0,140.0,57.0,29.0,38.0,6507.0,630.0,48.9
A2BLD-00016,metered,Meadowbrook Village,42.249528920743984,-83.76083838125817,234076.0,1985,854.0,193.0,104.0,118.0,52.0,87.0,40.0,6523.0,622.0,48.9
A2BLD-00017,metered,University Towers,42.27528623826701,-83.73350465970685,222126.0,1964,854.0,461.0,56.0,244.0,130.0,50.0,93.0,6507.0,630.0,48.9
A2BLD-00018,metered,GreenBrier Campus,42.299612310477926,-83.6892505215441,477478.0,1966,854.0,357.0,73.0,189.0,103.0,64.0,75.0,6534.0,620.0,48.8
A2BLD-00019,metered,Oakcliff Apartments At Traverwood,42.30621841653047,-83.71570911711741,218943.0,2016,854.0,178.0,68.0,101.0,50.0,57.0,37.0,6545.0,620.0,48.8
A2BLD-00022,metered,Traver Courts LLC,42.293617968435456,-83.68449851058116,192963.0,1978,854.0,210.0,132.0,128.0,58.0,110.0,45.0,6517.0,627.0,48.9
A2BLD-00023,metered,The Varsity at Ann Arbor (vr134),42.28073456114084,-83.74303024890702,185099.0,2013,854.0,101.0,95.0,62.0,30.0,80.0,25.0,6475.0,643.0,49.0
A2BLD-00025,metered,The Yard,42.27336050319927,-83.74835368646326,186029.0,2015,854.0,85.0,2.0,48.0,22.0,2.0,14.0,6481.0,641.0,49.0
A2BLD-00028,meter_model+resstock,618 S. Main (st066),42.27330340362286,-83.74967772069948,157000.0,2015,854.0,131.0,102.0,75.0,40.0,85.0,33.0,6481.0,641.0,49.0
A2BLD-00029,metered,Pinelake Village Cooperative,42.268691924615155,-83.78270941128662,123226.0,1974,854.0,378.0,114.0,199.0,111.0,99.0,83.0,6581.0,599.0,48.6
A2BLD-00030,metered,Six11,42.27447536263316,-83.73518399049675,142984.0,2018,854.0,76.0,0.0,40.0,21.0,1.0,14.0,6507.0,630.0,48.9
A2BLD-00031,metered,Arbor Village Apartments,42.25835385522184,-83.71400529493097,260975.0,1963,854.0,369.0,62.0,195.0,105.0,55.0,76.0,6506.0,632.0,48.9
A2BLD-00033,metered,Parc Pointe Apartments Primary,42.29999199865338,-83.72293178152194,136457.0,1986,854.0,327.0,62.0,173.0,94.0,54.0,68.0,6501.0,634.0,49.0
A2BLD-00038,metered,MILL CREEK TOWNHOMES,42.24004303207192,-83.7142509684401,359367.0,1976,854.0,219.0,101.0,125.0,63.0,85.0,48.0,6458.0,650.0,49.1
A2BLD-00041,metered,Saga Ann Arbor,42.28063667114166,-83.74355002646841,134725.0,2008,854.0,390.0,65.0,239.0,97.0,55.0,65.0,6475.0,643.0,49.0
A2BLD-00042,metered,Hoover + Greene,42.26993927259085,-83.74777845149723,109725.0,2021,854.0,252.0,161.0,166.0,64.0,135.0,48.0,6510.0,628.0,48.9
A2BLD-00046,metered,Spruce Knob,42.23847344470994,-83.72248711838836,136968.0,1967,854.0,271.0,205.0,154.0,83.0,172.0,67.0,6474.0,646.0,49.1
A2BLD-00047,metered,Courthouse Square,42.28118817248438,-83.74761009608946,133940.0,1966,854.0,371.0,229.0,211.0,110.0,192.0,86.0,6472.0,644.0,49.1
A2BLD-00048,metered,581 - Hub Ann Arbor,42.281474910027754,-83.74202107739822,133830.0,2018,854.0,267.0,25.0,141.0,74.0,25.0,51.0,6475.0,643.0,49.0
A2BLD-00049,metered,PHEASANT RUN-PRU (aka South Grove),42.2330463676676,-83.72287700855276,411836.0,1971,854.0,142.0,110.0,94.0,37.0,92.0,29.0,6456.0,650.0,49.1
A2BLD-00050,metered,Woodbury Campus,42.25620531156543,-83.7339881332413,391532.0,1972,854.0,308.0,140.0,175.0,88.0,117.0,67.0,6471.0,645.0,49.1
A2BLD-00052,metered,The Highlands Apartments,42.297762712975214,-83.72520903332665,128920.0,1972,854.0,548.0,234.0,311.0,156.0,196.0,117.0,6501.0,634.0,49.0
A2BLD-00055,meter_model+resstock,Vic Village North,42.2752293949643,-83.73529151583193,134384.0,2019,854.0,91.0,102.0,52.0,30.0,85.0,26.0,6507.0,630.0,48.9
A2BLD-00057,metered,Traver Ridge Apartments LLC,42.310076955796596,-83.7159730178887,226608.0,1972,854.0,33.0,102.0,17.0,15.0,86.0,17.0,6545.0,620.0,48.8
A2BLD-00061,metered,Traver Crossing LLC FKA Traver Knoll LLC,42.298670778258284,-83.72972672452396,230916.0,1964,854.0,198.0,105.0,105.0,61.0,90.0,48.0,6494.0,638.0,49.0
A2BLD-00062,metered,State Street Village LLC,42.254742130402676,-83.73797929971497,116850.0,2015,854.0,59.0,37.0,36.0,16.0,33.0,12.0,6499.0,633.0,49.0
A2BLD-00063,metered,Z West,42.277652895994535,-83.74294376974716,94175.0,2000,854.0,143.0,110.0,75.0,42.0,104.0,32.0,6505.0,633.0,48.9
A2BLD-00073,metered,Z Place,42.274189902119474,-83.73544678242939,99982.0,2009,854.0,10.0,106.0,6.0,9.0,88.0,12.0,6507.0,630.0,48.9
A2BLD-00074,metered,Traver Heights LLC,42.30930905322904,-83.71263142394037,99563.0,1990,854.0,356.0,94.0,218.0,89.0,83.0,60.0,6545.0,620.0,48.8
A2BLD-00075,metered,HOMESTEAD COMMONS,42.243187008883915,-83.71578553530007,105672.0,1985,854.0,228.0,129.0,151.0,56.0,108.0,42.0,6458.0,650.0,49.1
A2BLD-00085,metered,University Townhouses Cooperative - 3200 Braeburn Circle,42.234002384684274,-83.70844222830982,720168.0,1971,854.0,202.0,89.0,115.0,58.0,75.0,43.0,6462.0,649.0,49.1
A2BLD-00090,metered,Pine Valley Campus,42.25082489940571,-83.7256512305014,124764.0,1964,854.0,416.0,107.0,220.0,121.0,92.0,89.0,6479.0,642.0,49.0
A2BLD-00091,metered,Nob Hill,42.27143853796066,-83.75106548761644,80088.0,1952,854.0,482.0,118.0,274.0,132.0,100.0,94.0,6480.0,641.0,49.0
A2BLD-00095,metered,Lurie Terrace,42.282275785126004,-83.75501148133036,74864.0,1964,854.0,830.0,133.0,466.0,219.0,113.0,164.0,6487.0,637.0,49.0
A2BLD-00098,metered,Broadview Apartments,42.29911429163127,-83.72475447493193,75152.0,1972,854.0,272.0,116.0,154.0,76.0,103.0,55.0,6501.0,634.0,49.0
A2BLD-00103,metered,The Ponds (Campus),42.251601214282545,-83.72223680701542,72465.0,1987,854.0,185.0,142.0,114.0,53.0,119.0,42.0,6479.0,642.0,49.0
A2BLD-00116,metered,Ann Arbor Woods,42.25709076894801,-83.71383519344717,206000.0,1964,854.0,456.0,86.0,241.0,131.0,75.0,95.0,6506.0,632.0,48.9
A2BLD-00125,metered,Manchester Flats,42.26783944143085,-83.7704195681102,99422.0,1957,854.0,461.0,122.0,262.0,127.0,103.0,92.0,6556.0,610.0,48.7
A2BLD-00126,metered,Carleton Court,42.246320834843246,-83.70230436035268,63408.0,1985,854.0,1540.0,147.0,868.0,398.0,132.0,289.0,6444.0,657.0,49.2
A2BLD-00129,metered,Forest Hills Cooperative,42.23232027677147,-83.7119426333303,293298.0,1980,854.0,248.0,128.0,141.0,72.0,107.0,55.0,6462.0,649.0,49.1
A2BLD-00130,metered,Hillcrest Apartments,42.269355139757664,-83.77704160895624,61728.0,1965,854.0,309.0,0.0,163.0,85.0,3.0,58.0,6561.0,608.0,48.7
A2BLD-00134,metered,10318 Ann Arbor,42.3001202294172,-83.71584576010446,127803.0,2000,854.0,113.0,28.0,64.0,31.0,24.0,22.0,6523.0,625.0,48.9
A2BLD-00140,metered,City Place,42.27676361275361,-83.7458850342753,64750.0,2012,854.0,88.0,45.0,46.0,27.0,39.0,21.0,6481.0,641.0,49.0
A2BLD-00141,metered,ARBOR HILLS APARTMENT 2030 District,42.25796588097404,-83.69405623359145,55678.0,1967,854.0,580.0,110.0,307.0,164.0,102.0,117.0,6433.0,663.0,49.2
A2BLD-00145,metered,Brookside Apartment,42.29427803757902,-83.73241282135598,54080.0,1966,854.0,505.0,68.0,268.0,143.0,60.0,102.0,6457.0,654.0,49.1
A2BLD-00146,metered,Jackson West Apartments,42.280303985504396,-83.77385763105303,53768.0,1963,854.0,508.0,0.0,335.0,109.0,0.0,64.0,6542.0,613.0,48.8
A2BLD-00165,metered,Forest Plaza,42.273328253354364,-83.73189397711813,49220.0,1929,854.0,507.0,39.0,268.0,142.0,37.0,99.0,6507.0,630.0,48.9
A2BLD-00167,metered,400 Maynard,42.27766076790681,-83.74226886609975,48830.0,1960,854.0,581.0,228.0,330.0,165.0,192.0,122.0,6505.0,633.0,48.9
A2BLD-00168,metered,1500 Pauline,42.268735491109794,-83.76566488845245,47971.0,2014,854.0,112.0,112.0,68.0,34.0,94.0,28.0,6556.0,610.0,48.7
A2BLD-00176,metered,Maiden Lane LLC,42.29056476766355,-83.73447908042374,125338.0,1965,854.0,415.0,135.0,220.0,122.0,116.0,92.0,6457.0,654.0,49.1
A2BLD-00185,metered,Ivanhoe (vn348),42.251618619123164,-83.72483356615993,41312.0,1964,854.0,486.0,97.0,257.0,140.0,85.0,101.0,6479.0,642.0,49.0
A2BLD-00205,metered,Escher,42.29565656391484,-83.72473447055106,48514.0,1970,854.0,421.0,54.0,223.0,117.0,54.0,82.0,6506.0,632.0,48.9
A2BLD-00208,metered,SEQUOIA PLACE,42.292977484435134,-83.78150811778664,49204.0,1996,854.0,0.0,114.0,0.0,7.0,95.0,12.0,6562.0,606.0,48.7
A2BLD-00216,metered,611 Church,42.274519111190486,-83.73427547568683,35312.0,1968,854.0,182.0,273.0,120.0,44.0,255.0,35.0,6507.0,630.0,48.9
A2BLD-00226,metered,912 S. Forest,42.270936912136094,-83.73351740027314,34000.0,1967,854.0,289.0,39.0,164.0,77.0,33.0,53.0,6507.0,630.0,48.9
A2BLD-00228,metered,Clark Forest,42.282892805861024,-83.73638082524104,33723.0,1999,854.0,530.0,0.0,302.0,137.0,1.0,90.0,6472.0,646.0,49.1
A2BLD-00232,meter_model+resstock,1320 S University LLC,42.274719048347244,-83.73229657313058,33057.0,1965,854.0,377.0,93.0,214.0,104.0,79.0,74.0,6507.0,630.0,48.9
A2BLD-00233,metered,Carrot Way Campus,42.316865411218714,-83.72764434155496,32976.0,2004,854.0,214.0,150.0,122.0,65.0,126.0,52.0,6556.0,615.0,48.8
A2BLD-00240,metered,Heritage House,42.271277499724704,-83.73664054854106,32280.0,1968,854.0,376.0,1.0,199.0,104.0,4.0,71.0,6507.0,630.0,48.9
A2BLD-00251,metered,820 Fuller and MSJ Holdings,42.285921617774456,-83.73914472901248,48907.0,1966,854.0,177.0,48.0,94.0,52.0,42.0,38.0,6475.0,643.0,49.0
A2BLD-00254,metered,Alpha Gamma Delta,42.27184585533307,-83.73223801784555,24000.0,1920,854.0,272.0,0.0,144.0,75.0,2.0,51.0,6507.0,630.0,48.9
A2BLD-00256,metered,Gallatin Manor,42.277488926708436,-83.74465183046848,29768.0,1925,854.0,345.0,43.0,196.0,90.0,41.0,61.0,6505.0,633.0,48.9
A2BLD-00261,metered,Huron River Flats,42.28514950589761,-83.71576514929978,28256.0,1966,854.0,364.0,27.0,193.0,101.0,28.0,69.0,6440.0,662.0,49.2
A2BLD-00262,metered,Pi Beta Phi,42.27086299307119,-83.73734223510876,20465.0,1908,854.0,417.0,161.0,237.0,112.0,152.0,78.0,6507.0,630.0,48.9
A2BLD-00267,metered,921 S Main,42.269531654967466,-83.74968992540019,27834.0,1980,854.0,295.0,187.0,167.0,88.0,157.0,69.0,6510.0,628.0,48.9
A2BLD-00268,metered,Evans Scholars Michigan,42.27007487672073,-83.72558611489264,28798.0,1958,854.0,184.0,28.0,104.0,48.0,26.0,33.0,6508.0,631.0,48.9
A2BLD-00278,metered,731 Packard,42.270247803049024,-83.73942274420608,26536.0,1963,854.0,706.0,148.0,429.0,168.0,139.0,118.0,6482.0,640.0,49.0
A2BLD-00284,metered,1001 S. Forest,42.270298193780135,-83.73279794883314,25986.0,1966,854.0,488.0,117.0,278.0,129.0,111.0,88.0,6487.0,640.0,49.0
A2BLD-00285,metered,Eastwind,42.257901014112164,-83.6938583162428,25924.0,1966,854.0,395.0,31.0,210.0,111.0,29.0,77.0,6433.0,663.0,49.2
A2BLD-00288,metered,Stays By 4M,42.26124424469948,-83.73775519437226,26500.0,2019,854.0,314.0,121.0,166.0,94.0,104.0,71.0,6499.0,633.0,49.0
A2BLD-00289,metered,125 W Hoover,42.26924066868921,-83.7514802945066,25462.0,1970,854.0,380.0,71.0,201.0,109.0,62.0,79.0,6510.0,628.0,48.9
A2BLD-00290,metered,350 Thompson,42.27818306633239,-83.74345008353849,31710.0,1967,854.0,308.0,24.0,187.0,73.0,22.0,50.0,6505.0,633.0,48.9
A2BLD-00301,metered,Charlton Apartments,42.279360301195105,-83.77363468203535,24291.0,1965,854.0,756.0,198.0,398.0,220.0,172.0,163.0,6542.0,613.0,48.8
A2BLD-00315,metered,Huron Plaza,42.28229596782662,-83.75634136150818,22770.0,1966,854.0,454.0,33.0,240.0,126.0,34.0,87.0,6487.0,637.0,49.0
A2BLD-00320,meter_model+resstock,International House Ann Arbor,42.270865082619856,-83.73413362582468,10671.0,1961,854.0,567.0,98.0,344.0,139.0,82.0,100.0,6507.0,630.0,48.9
A2BLD-00330,metered,The Forum,42.272410446432644,-83.74105659620926,21308.0,1960,854.0,313.0,46.0,165.0,87.0,45.0,61.0,6505.0,633.0,48.9
A2BLD-00335,metered,The Lion,42.27577601065332,-83.72935098990956,20506.0,1960,854.0,471.0,19.0,249.0,131.0,20.0,91.0,6507.0,630.0,48.9
A2BLD-00348,metered,The Standard At Ann Arbor,42.27729420475319,-83.7483801011808,231305.0,2022,854.0,729.0,4.0,480.0,153.0,4.0,96.0,6481.0,641.0,49.0
A2BLD-00502,metered,The Villas at Northstar,42.31898307007543,-83.70155363352325,505246.0,1988,854.0,127.0,72.0,72.0,38.0,61.0,29.0,6592.0,602.0,48.6
A2BLD-00503,metered,The George,42.24999817335398,-83.72242768682347,315108.0,2016,854.0,207.0,44.0,136.0,45.0,39.0,31.0,6479.0,641.0,49.0
A2BLD-00504,metered,Owl Creek Apartments Campus,42.322751486569985,-83.70574358385882,301086.0,2019,854.0,97.0,62.0,55.0,29.0,52.0,23.0,6598.0,599.0,48.6
A2BLD-00505,metered,Foundry Lofts,42.281508420133235,-83.74330596396229,320086.0,2014,854.0,63.0,16.0,39.0,15.0,15.0,10.0,6475.0,643.0,49.0
A2BLD-00507,metered,ReNew Ann Arbor,42.248651619007106,-83.74486653375828,245432.0,1990,854.0,576.0,384.0,352.0,160.0,321.0,125.0,6507.0,628.0,48.9
A2BLD-00508,metered,"Ann Arbor Senior Living Owner, LLC",42.2456674555319,-83.75108627921405,219972.0,2019,854.0,203.0,75.0,115.0,57.0,63.0,42.0,6507.0,630.0,48.9
A2BLD-00509,metered,McKinley at Park Place Apartments LLC,42.26829284047392,-83.77813265104527,179981.0,1965,854.0,464.0,279.0,263.0,138.0,234.0,108.0,6561.0,608.0,48.7
A2BLD-00510,metered,Briar Cove,42.24297227652261,-83.75530469135346,290126.0,1989,854.0,287.0,136.0,163.0,83.0,115.0,63.0,6518.0,625.0,48.9
A2BLD-00511,metered,Ann Arbor City Club Apartments,42.28016127322884,-83.75069366245874,138502.0,2013,854.0,158.0,141.0,97.0,46.0,118.0,38.0,6472.0,644.0,49.1
A2BLD-00512,metered,Hidden Valley Club Apartments,42.24654571059654,-83.74376513758328,201382.0,1974,854.0,0.0,146.0,0.0,9.0,122.0,15.0,6507.0,628.0,48.9
A2BLD-00513,metered,Brookhaven Manor,42.24520826065177,-83.75296139568351,129300.0,1989,854.0,159.0,196.0,90.0,53.0,164.0,47.0,6507.0,630.0,48.9
A2BLD-00514,metered,ArborBlu (rl75),42.273978485499896,-83.73480311275655,94467.0,2015,854.0,170.0,19.0,112.0,37.0,16.0,23.0,6507.0,630.0,48.9
A2BLD-00517,metered,Manchester West,42.27764765501829,-83.77197139491733,115158.0,1979,854.0,154.0,106.0,87.0,47.0,89.0,37.0,6546.0,614.0,48.8
A2BLD-00522,metered,Shoreview Apartments,42.29306206822431,-83.74254706573399,99600.0,1968,854.0,139.0,102.0,74.0,45.0,87.0,37.0,6457.0,653.0,49.1
A2BLD-00524,meter_model+resstock,Ashley Mews/Brady Apartments Tower,42.27744964740137,-83.74914068155704,122855.0,2001,854.0,564.0,104.0,343.0,138.0,88.0,100.0,6481.0,641.0,49.0
A2BLD-00534,metered,Island Drive Campus,42.29069274996598,-83.73269518100584,306314.0,1962,854.0,297.0,13.0,157.0,82.0,15.0,56.0,6457.0,654.0,49.1
A2BLD-00541,meter_model+resstock,205 S State,42.28008883457636,-83.74051360475272,63364.0,2003,854.0,106.0,105.0,60.0,34.0,88.0,29.0,6475.0,643.0,49.0
A2BLD-00543,metered,SURREY PARK,42.26295878241527,-83.78090195998564,101376.0,1987,854.0,1042.0,0.0,630.0,245.0,0.0,167.0,6581.0,599.0,48.6
A2BLD-00547,metered,23086-Brookdale Ann Arbor,42.254544381136554,-83.75324640982538,45207.0,2000,854.0,163.0,157.0,100.0,49.0,131.0,40.0,6531.0,621.0,48.8
A2BLD-00560,metered,Miller Maple Townhomes CAMPUS,42.294262081088576,-83.78190893876877,33720.0,1964,854.0,258.0,170.0,157.0,72.0,143.0,56.0,6562.0,606.0,48.7
A2BLD-00561,metered,809 East Kingsley,42.28525327661917,-83.73934554367767,31177.0,1929,854.0,484.0,64.0,275.0,129.0,54.0,89.0,6475.0,643.0,49.0
A2BLD-00565,metered,Upland Green Apartments,42.29837039808725,-83.71972071143946,64564.0,2008,854.0,170.0,237.0,104.0,45.0,222.0,36.0,6523.0,625.0,48.9
A2BLD-00571,metered,Pratt Block,42.27923256841569,-83.74896428629727,23930.0,1896,854.0,96.0,119.0,63.0,28.0,100.0,24.0,6472.0,644.0,49.1
A2BLD-00575,metered,Maple Cove,42.296497230642466,-83.78134369808157,21231.0,2015,854.0,115.0,87.0,76.0,30.0,73.0,23.0,6565.0,603.0,48.7
A2BLD-00581,metered,Cranbrook Tower Apartments,42.24526076420671,-83.7548727273919,167748.0,1979,854.0,194.0,44.0,103.0,56.0,38.0,41.0,6518.0,625.0,48.9
A2BLD-00584,metered,Hickory Way (CAMPUS),42.268268463644816,-83.78115701486558,84876.0,2019,854.0,577.0,14.0,349.0,136.0,14.0,93.0,6581.0,599.0,48.6
A2BLD-00637,metered,"Arrowwood Hills Cooperative - 2566 Arrowwood Trail, Ann Arbor, MI 48105, USA",42.30856823989889,-83.7288365183384,344472.0,1970,854.0,244.0,84.0,149.0,63.0,70.0,45.0,6519.0,627.0,48.9
A2BLD-00641,meter_model+resstock,River Run Baker Commons,42.27621022646403,-83.74847283523962,56889.0,1981,854.0,564.0,105.0,343.0,138.0,88.0,100.0,6481.0,641.0,49.0
A2BLD-00642,meter_model+resstock,Miller Manor,42.28492099522812,-83.75675790914318,76498.0,1970,854.0,565.0,105.0,343.0,139.0,88.0,100.0,6487.0,637.0,49.0
A2BLD-00643,meter_model+resstock,West Arbor (Campus),42.28762294251874,-83.78158061879856,59461.0,2017,854.0,573.0,95.0,347.0,140.0,79.0,101.0,6562.0,606.0,48.7
A2BLD-00644,meter_model+resstock,Maple Tower (Campus),42.27147638885852,-83.78083575477666,45952.0,1970,854.0,574.0,82.0,347.0,140.0,69.0,100.0,6571.0,604.0,48.7
A2BLD-00645,meter_model+resstock,Creekside Court (Campus),42.240040283898246,-83.69943939481342,33647.0,2020,854.0,562.0,102.0,342.0,137.0,86.0,99.0,6458.0,652.0,49.1
A2BLD-00646,meter_model+resstock,Green Baxter Court (Campus),42.29902742889739,-83.69307166805515,34028.0,1979,854.0,570.0,92.0,346.0,139.0,77.0,100.0,6534.0,620.0,48.8
A2BLD-00647,meter_model+resstock,Hikone (Campus),42.24296282481736,-83.7116458896468,45952.0,1970,854.0,561.0,89.0,342.0,136.0,75.0,97.0,6452.0,654.0,49.1
A2BLD-00666,metered,Wyndham Hill,42.26430924276721,-83.76040086478072,46800.0,1958,854.0,190.0,59.0,100.0,56.0,51.0,42.0,6540.0,617.0,48.8
A2BLD-00671,meter_model+resstock,State Crossing,42.26172030358661,-83.74011375396435,33992.0,2020,854.0,566.0,107.0,344.0,139.0,89.0,101.0,6499.0,633.0,49.0
A2BLD-00674,metered,Glacier Hills The Villas,42.288666249649474,-83.68044348589603,52400.0,2002,854.0,248.0,56.0,131.0,72.0,49.0,52.0,6517.0,627.0,48.9
"121 Kingsley West Condos@42.28463,-83.74920",meter_model+resstock,121 Kingsley West Condos,42.284634044745054,-83.74919842347175,40335.0,1974,854.0,257.0,95.0,146.0,72.0,80.0,53.0,6472.0,644.0,49.1
"1901 Washtenaw Condos@42.26889,-83.72285",meter_model+resstock,1901 Washtenaw Condos,42.26888566501648,-83.72284566370922,14656.0,1974,854.0,256.0,95.0,146.0,72.0,80.0,53.0,6508.0,631.0,48.9
"212 Miller Ave Condos@42.28357,-83.75037",meter_model+resstock,212 Miller Ave Condos,42.28357326245333,-83.75036786302877,24905.0,1974,854.0,254.0,97.0,145.0,72.0,82.0,53.0,6472.0,644.0,49.1
"301 E Liberty@42.27985,-83.74576",meter_model+resstock,301 E Liberty,42.279854927702644,-83.74575666831612,81501.0,1974,854.0,294.0,106.0,168.0,83.0,89.0,61.0,6475.0,643.0,49.0
"307 Thompson Apartments@42.27910,-83.74292",meter_model+resstock,307 Thompson Apartments,42.27910484409067,-83.7429189180454,23176.0,1974,854.0,256.0,96.0,146.0,72.0,80.0,53.0,6505.0,633.0,48.9
"309 North Ashley Condos@42.28367,-83.75004",meter_model+resstock,309 North Ashley Condos,42.283671909026886,-83.75004079047773,47268.0,1974,854.0,256.0,95.0,146.0,72.0,80.0,53.0,6472.0,644.0,49.1
"325 E Summit Condos@42.28730,-83.74363",meter_model+resstock,325 E Summit Condos,42.28730354258866,-83.74362699865578,22596.0,1974,854.0,254.0,97.0,145.0,72.0,82.0,53.0,6475.0,643.0,49.0
"330 Detroit St Condos@42.28362,-83.74614",meter_model+resstock,330 Detroit St Condos,42.28361599287243,-83.74614295720586,34960.0,1974,854.0,256.0,95.0,146.0,72.0,80.0,53.0,6472.0,644.0,49.1
"332 Lofts Condos@42.27921,-83.74518",meter_model+resstock,332 Lofts Condos,42.27920666474497,-83.74518162130329,27861.0,1974,854.0,254.0,97.0,145.0,72.0,82.0,53.0,6475.0,643.0,49.0
"410 First St Condos@42.28448,-83.75057",meter_model+resstock,410 First St Condos,42.28448236585871,-83.75057250448313,42617.0,1974,854.0,257.0,95.0,146.0,72.0,80.0,53.0,6472.0,644.0,49.1
"414 N Main Condos@42.28443,-83.74797",meter_model+resstock,414 N Main Condos,42.284433547129225,-83.74796834145116,30000.0,1974,854.0,255.0,97.0,145.0,72.0,82.0,53.0,6472.0,644.0,49.1
"616 E Washington@42.28006,-83.74186",meter_model+resstock,616 E Washington,42.28006120753004,-83.74185820912942,345986.0,1974,854.0,177.0,100.0,101.0,52.0,84.0,40.0,6475.0,643.0,49.0
"618 S. Main (st066)@42.27329,-83.74967",meter_model+resstock,618 S. Main (st066),42.273287953749104,-83.74967302760845,157000.0,2015,854.0,131.0,102.0,75.0,40.0,85.0,33.0,6481.0,641.0,49.0
"630 E Washington@42.27977,-83.74156",meter_model+resstock,630 E Washington,42.279769397112126,-83.74156436804239,11512.0,1974,854.0,257.0,95.0,146.0,72.0,80.0,53.0,6475.0,643.0,49.0
"99Nine Apartments@42.28924,-83.73575",meter_model+resstock,99Nine Apartments,42.28923780335079,-83.73575122650969,143980.0,1974,854.0,327.0,108.0,186.0,91.0,91.0,66.0,6457.0,654.0,49.1
"AVIA Lofts on Victors Way Apartments@42.23847,-83.73609",meter_model+resstock,AVIA Lofts on Victors Way Apartments,42.23846915427653,-83.73609436836531,72897.0,1974,854.0,318.0,95.0,181.0,88.0,80.0,64.0,6479.0,642.0,49.0
"Allen Creek Condos@42.27570,-83.77088",meter_model+resstock,Allen Creek Condos,42.2756961570319,-83.77088489135794,25151.0,1974,854.0,319.0,91.0,181.0,89.0,76.0,64.0,6546.0,614.0,48.8
"Alpine Condos@42.24249,-83.72901",meter_model+resstock,Alpine Condos,42.24249284221343,-83.72901284628752,87414.0,1974,854.0,333.0,88.0,190.0,92.0,74.0,66.0,6474.0,646.0,49.1
"Arbor Apartments@42.24443,-83.69435",meter_model+resstock,Arbor Apartments,42.244425814238824,-83.6943515428113,23895.0,1974,854.0,333.0,88.0,190.0,92.0,75.0,66.0,6459.0,651.0,49.1
"Arbor Hills Condos@42.32029,-83.69660",resstock,Arbor Hills Condos,42.32029005050146,-83.69660460723432,3118.0,1974,854.0,718.0,235.0,407.0,201.0,199.0,147.0,6592.0,602.0,48.6
"Arbor Hills Condos@42.31948,-83.69349",resstock,Arbor Hills Condos,42.319479571461535,-83.69349448721412,3194.0,1974,854.0,716.0,237.0,406.0,201.0,200.0,147.0,6578.0,605.0,48.7
"Arbor Landings Apartments@42.28854,-83.79637",resstock,Arbor Landings Apartments,42.28853887423024,-83.79636540102585,5752.0,1974,854.0,574.0,110.0,325.0,156.0,93.0,110.0,6566.0,604.0,48.7
"Arbor Valley Apartments@42.29476,-83.73229",meter_model+resstock,Arbor Valley Apartments,42.29475925119855,-83.73228982159202,12937.0,1974,854.0,315.0,96.0,179.0,88.0,81.0,63.0,6457.0,654.0,49.1
"Arbor Village Apartments@42.25882,-83.71583",meter_model+resstock,Arbor Village Apartments,42.258822597646386,-83.71582572224953,332256.0,1974,854.0,319.0,93.0,181.0,88.0,79.0,64.0,6506.0,632.0,48.9
"Arbor Village Apartments@42.25866,-83.71427",meter_model+resstock,Arbor Village Apartments,42.25865812439023,-83.71426832494502,332256.0,1974,854.0,319.0,93.0,181.0,88.0,79.0,64.0,6506.0,632.0,48.9
"Arbordale Apartments@42.26871,-83.76743",meter_model+resstock,Arbordale Apartments,42.26871104637898,-83.76742540865324,24166.0,1974,854.0,339.0,83.0,192.0,93.0,70.0,66.0,6556.0,610.0,48.7
"Arlington Place Condos@42.25408,-83.69637",meter_model+resstock,Arlington Place Condos,42.25408241432475,-83.69637497213382,82859.0,1974,854.0,314.0,97.0,179.0,87.0,82.0,63.0,6444.0,658.0,49.2
"Arlington Place Condos@42.25516,-83.69574",meter_model+resstock,Arlington Place Condos,42.25516383753818,-83.6957441823561,82859.0,1974,854.0,313.0,98.0,179.0,87.0,82.0,63.0,6433.0,663.0,49.2
"Arrowwood Hills Co-Op Apartments@42.30776,-83.73158",meter_model+resstock,Arrowwood Hills Co-Op Apartments,42.30775675454279,-83.73158437194405,353359.0,1974,854.0,336.0,84.0,191.0,92.0,71.0,66.0,6537.0,618.0,48.8
"Ashford Place Condos@42.31606,-83.70632",meter_model+resstock,Ashford Place Condos,42.31605829452426,-83.70631581365807,191775.0,1974,854.0,339.0,81.0,192.0,93.0,69.0,66.0,6593.0,599.0,48.6
"Ashford Place Condos@42.31592,-83.70379",meter_model+resstock,Ashford Place Condos,42.315917398995786,-83.7037933799322,191775.0,1974,854.0,339.0,82.0,192.0,93.0,69.0,66.0,6592.0,602.0,48.6
"Ashley Mews Condos@42.27700,-83.74926",meter_model+resstock,Ashley Mews Condos,42.276999304881414,-83.74925947777251,89675.0,1974,854.0,316.0,95.0,180.0,88.0,80.0,63.0,6481.0,641.0,49.0
"Ashley Terrace Condos@42.28172,-83.75023",meter_model+resstock,Ashley Terrace Condos,42.28171707939479,-83.75022944176042,168485.0,1974,854.0,197.0,94.0,112.0,57.0,79.0,43.0,6472.0,644.0,49.1
"Aspen Ridge Condos@42.24364,-83.69955",meter_model+resstock,Aspen Ridge Condos,42.24363816043439,-83.69954540474832,31899.0,1974,854.0,332.0,89.0,189.0,91.0,75.0,65.0,6458.0,652.0,49.1
"Atrio Apartments@42.28210,-83.76004",meter_model+resstock,Atrio Apartments,42.282101991717106,-83.76004267029917,15546.0,1974,854.0,335.0,86.0,190.0,92.0,73.0,66.0,6487.0,637.0,49.0
"bldg@42.28305,-83.75953",resstock,,42.28305008845381,-83.75953386866368,2308.0,1974,854.0,706.0,249.0,401.0,198.0,210.0,146.0,6487.0,637.0,49.0
"bldg@42.28771,-83.75095",resstock,,42.28770748844583,-83.75094651950482,3950.0,1974,854.0,708.0,247.0,402.0,199.0,208.0,146.0,6506.0,630.0,48.9
"Avant Apartments@42.26410,-83.78175",meter_model+resstock,Avant Apartments,42.26410119052673,-83.78174686854825,265231.0,1974,854.0,323.0,88.0,183.0,89.0,75.0,65.0,6581.0,599.0,48.6
"River Run Baker Commons@42.27621,-83.74847",meter_model+resstock,River Run Baker Commons,42.27621022663823,-83.74847283510545,56889.0,1981,854.0,189.0,105.0,108.0,55.0,88.0,43.0,6481.0,641.0,49.0
"Balfour Ann Arbor@42.24567,-83.75040",meter_model+resstock,Balfour Ann Arbor,42.24566708478984,-83.75039954325979,242734.0,1974,854.0,255.0,95.0,145.0,72.0,80.0,53.0,6507.0,630.0,48.9
"Balmoral Park Condos@42.24676,-83.75083",meter_model+resstock,Balmoral Park Condos,42.24676154624549,-83.75083460896718,106808.0,1974,854.0,317.0,92.0,180.0,88.0,77.0,64.0,6521.0,623.0,48.9
"Barclay Park Condos@42.32006,-83.70607",meter_model+resstock,Barclay Park Condos,42.3200571356562,-83.70606578313371,533077.0,1974,854.0,320.0,88.0,181.0,89.0,75.0,64.0,6593.0,599.0,48.6
"Barclay Park Condos@42.31995,-83.70194",meter_model+resstock,Barclay Park Condos,42.31994792654067,-83.70194068543489,533077.0,1974,854.0,320.0,89.0,181.0,89.0,75.0,64.0,6592.0,602.0,48.6
"Beekman on 1100 Broadway Apartments@42.28969,-83.73681",meter_model+resstock,Beekman on 1100 Broadway Apartments,42.289687079848946,-83.73680607444635,204663.0,1974,854.0,293.0,107.0,167.0,83.0,90.0,61.0,6457.0,654.0,49.1
"Bershire Creek Condos@42.25892,-83.69710",meter_model+resstock,Bershire Creek Condos,42.25891835021161,-83.69710460799206,157994.0,1974,854.0,314.0,96.0,179.0,87.0,81.0,63.0,6468.0,650.0,49.1
"Blue Heron Condos@42.27398,-83.78142",meter_model+resstock,Blue Heron Condos,42.27398388926649,-83.7814209041752,127123.0,1974,854.0,323.0,89.0,183.0,89.0,75.0,64.0,6571.0,604.0,48.7
"Brentwood Square Condos@42.26040,-83.69270",meter_model+resstock,Brentwood Square Condos,42.260401134053396,-83.69269526819609,73401.0,1974,854.0,330.0,90.0,188.0,91.0,76.0,65.0,6433.0,663.0,49.2
"Briar Cove Terrace Apartments@42.24306,-83.75677",meter_model+resstock,Briar Cove Terrace Apartments,42.24306004949374,-83.75676872394452,377151.0,1974,854.0,320.0,92.0,182.0,89.0,78.0,64.0,6518.0,625.0,48.9
"Briarcrest Condos@42.24681,-83.74659",meter_model+resstock,Briarcrest Condos,42.246812741905146,-83.74658884635132,123370.0,1974,854.0,336.0,85.0,191.0,92.0,71.0,66.0,6520.0,623.0,48.9
"Briarcrest Condos@42.24671,-83.74481",meter_model+resstock,Briarcrest Condos,42.24671288592625,-83.74480580829831,123370.0,1974,854.0,335.0,85.0,190.0,92.0,72.0,66.0,6507.0,628.0,48.9
"Bristol Ridge Condos@42.31177,-83.73334",meter_model+resstock,Bristol Ridge Condos,42.31176682995448,-83.73334449778656,59942.0,1974,854.0,318.0,91.0,181.0,88.0,77.0,64.0,6537.0,618.0,48.8
"Broadview Apartments@42.29885,-83.72412",meter_model+resstock,Broadview Apartments,42.29884770899097,-83.7241162923598,55263.0,1974,854.0,335.0,86.0,191.0,92.0,73.0,66.0,6501.0,634.0,49.0
"Broadway Terrace Apartments@42.29259,-83.73163",meter_model+resstock,Broadway Terrace Apartments,42.29258932451427,-83.73163353370967,16934.0,1974,854.0,333.0,89.0,190.0,92.0,75.0,65.0,6457.0,654.0,49.1
"Brookdale@42.24455,-83.75298",meter_model+resstock,Brookdale,42.24454994529066,-83.75298363570576,14914.0,1974,854.0,372.0,88.0,211.0,102.0,74.0,73.0,6507.0,630.0,48.9
"Brookhaven Manor Apartments@42.24530,-83.75304",meter_model+resstock,Brookhaven Manor Apartments,42.24529911468441,-83.75303731201049,128218.0,1974,854.0,320.0,93.0,182.0,89.0,78.0,64.0,6507.0,630.0,48.9
"Brookside Apartments@42.29403,-83.73275",meter_model+resstock,Brookside Apartments,42.29403407345909,-83.73274704990779,54603.0,1974,854.0,333.0,89.0,190.0,92.0,75.0,65.0,6457.0,654.0,49.1
"Brookside Commons Condos@42.24909,-83.75074",meter_model+resstock,Brookside Commons Condos,42.24908958826945,-83.7507370186501,251441.0,1974,854.0,317.0,92.0,180.0,88.0,77.0,64.0,6521.0,623.0,48.9
"Burns Park Condos@42.26286,-83.73145",meter_model+resstock,Burns Park Condos,42.26285691420689,-83.7314476053738,17136.0,1974,854.0,317.0,94.0,180.0,88.0,80.0,64.0,6487.0,640.0,49.0
"Cambridge Condos@42.24282,-83.75385",meter_model+resstock,Cambridge Condos,42.24282468323428,-83.75385349981764,75297.0,1974,854.0,317.0,93.0,180.0,88.0,78.0,64.0,6507.0,630.0,48.9
"Cambridge Development Condos@42.27015,-83.72767",meter_model+resstock,Cambridge Development Condos,42.270151356738666,-83.727672015266,24907.0,1974,854.0,320.0,93.0,182.0,89.0,79.0,64.0,6508.0,631.0,48.9
"Carleton Court Apartments@42.24598,-83.70158",meter_model+resstock,Carleton Court Apartments,42.24597876626778,-83.70158345659522,60172.0,1974,854.0,367.0,92.0,209.0,101.0,77.0,72.0,6444.0,657.0,49.2
"Carrot Way Apartments@42.31731,-83.72801",meter_model+resstock,Carrot Way Apartments,42.31730900969749,-83.72801125540947,33989.0,1974,854.0,338.0,84.0,192.0,93.0,71.0,66.0,6556.0,615.0,48.8
"Castleridge Commons Condos@42.25951,-83.77999",meter_model+resstock,Castleridge Commons Condos,42.2595090222453,-83.77999069477076,20585.0,1974,854.0,322.0,88.0,182.0,89.0,74.0,64.0,6583.0,597.0,48.6
"Catherine Commons Condos@42.28282,-83.73710",meter_model+resstock,Catherine Commons Condos,42.282822986138825,-83.73710333663033,28097.0,1974,854.0,255.0,98.0,145.0,72.0,82.0,53.0,6472.0,646.0,49.1
"Chapel Hill Condos@42.31301,-83.69045",meter_model+resstock,Chapel Hill Condos,42.31300773385606,-83.6904476680351,504064.0,1974,854.0,339.0,82.0,192.0,93.0,70.0,66.0,6578.0,605.0,48.7
"Chapel Hill Condos@42.31611,-83.69058",meter_model+resstock,Chapel Hill Condos,42.31611256939049,-83.69058412235152,504064.0,1974,854.0,339.0,82.0,192.0,93.0,70.0,66.0,6578.0,605.0,48.7
"Charlton Apartments@42.27910,-83.77332",meter_model+resstock,Charlton Apartments,42.27909743593289,-83.77332398762654,53448.0,1974,854.0,323.0,91.0,183.0,89.0,76.0,64.0,6546.0,614.0,48.8
"City Place Apartments@42.27709,-83.74587",meter_model+resstock,City Place Apartments,42.277086180570045,-83.74586867221838,40912.0,1974,854.0,316.0,95.0,180.0,88.0,80.0,63.0,6481.0,641.0,49.0
"Cloverly Village Condos@42.23111,-83.71845",meter_model+resstock,Cloverly Village Condos,42.23111153106236,-83.71844550818753,145867.0,1974,854.0,317.0,96.0,181.0,88.0,81.0,64.0,6461.0,650.0,49.1
"Colonial Square Cooperative Apartments@42.23463,-83.69685",meter_model+resstock,Colonial Square Cooperative Apartments,42.23463005431233,-83.6968474415373,405060.0,1974,854.0,332.0,88.0,189.0,91.0,74.0,65.0,6461.0,650.0,49.1
"Colonial Square Cooperative Apartments@42.23642,-83.69738",meter_model+resstock,Colonial Square Cooperative Apartments,42.23642250257795,-83.69737992414511,405060.0,1974,854.0,332.0,88.0,189.0,91.0,74.0,65.0,6461.0,650.0,49.1
"Concordia Resident Halls East@42.27201,-83.68016",meter_model+resstock,Concordia Resident Halls East,42.27200951857474,-83.68016138427268,52750.0,1974,854.0,332.0,89.0,189.0,92.0,75.0,65.0,6455.0,656.0,49.1
"Concordia Resident Halls West@42.27337,-83.68604",meter_model+resstock,Concordia Resident Halls West,42.273372610431366,-83.68603725112916,47979.0,1974,854.0,332.0,89.0,189.0,92.0,75.0,65.0,6455.0,656.0,49.1
"205 S State@42.28009,-83.74051",meter_model+resstock,205 S State,42.28008883470534,-83.74051360495943,63364.0,2003,854.0,106.0,105.0,60.0,34.0,88.0,29.0,6475.0,643.0,49.0
"Country Place Condos@42.25591,-83.75434",meter_model+resstock,Country Place Condos,42.255908352569854,-83.75434112527442,31004.0,1974,854.0,337.0,84.0,191.0,93.0,71.0,66.0,6542.0,616.0,48.8
"Country Village Condos@42.26027,-83.78066",meter_model+resstock,Country Village Condos,42.26026575921385,-83.78066036688102,58002.0,1974,854.0,339.0,81.0,192.0,93.0,68.0,67.0,6583.0,597.0,48.6
"Crawford House Apartments@42.27397,-83.73508",meter_model+resstock,Crawford House Apartments,42.273973506316835,-83.73508201316966,12502.0,1974,854.0,256.0,95.0,145.0,72.0,80.0,53.0,6507.0,630.0,48.9
"Creekside Court Apartments@42.23960,-83.69946",meter_model+resstock,Creekside Court Apartments,42.239600739490655,-83.69946107836896,38261.0,1974,854.0,332.0,89.0,189.0,92.0,75.0,65.0,6458.0,652.0,49.1
"Creekwood Condos@42.24466,-83.69319",meter_model+resstock,Creekwood Condos,42.244655528008096,-83.69318733419823,18439.0,1974,854.0,333.0,88.0,190.0,92.0,75.0,66.0,6459.0,651.0,49.1
"Crestview Condos@42.27007,-83.75063",meter_model+resstock,Crestview Condos,42.27007073153424,-83.75063108647294,10452.0,1974,854.0,318.0,93.0,181.0,88.0,78.0,64.0,6510.0,628.0,48.9
"Dhu Varren on the Park Condos@42.31408,-83.72598",resstock,Dhu Varren on the Park Condos,42.31407610797416,-83.72597814956441,3437.0,1974,854.0,714.0,241.0,405.0,200.0,203.0,146.0,6556.0,615.0,48.8
"Dhu Varren on the Park Condos@42.31409,-83.72446",resstock,Dhu Varren on the Park Condos,42.31409103149281,-83.72445585845473,4596.0,1974,854.0,573.0,112.0,325.0,156.0,95.0,109.0,6556.0,615.0,48.8
"Dhu Varren on the Park Condos@42.31569,-83.72609",resstock,Dhu Varren on the Park Condos,42.31569447954038,-83.7260871365909,3395.0,1974,854.0,714.0,241.0,405.0,200.0,203.0,146.0,6556.0,615.0,48.8
"Dhu Varren on the Park Condos@42.31522,-83.72470",resstock,Dhu Varren on the Park Condos,42.31522232084451,-83.72469586649916,3777.0,1974,854.0,714.0,241.0,405.0,200.0,203.0,146.0,6556.0,615.0,48.8
"Eagle Ridge Condos@42.26991,-83.77939",meter_model+resstock,Eagle Ridge Condos,42.26990977410726,-83.7793933243008,55199.0,1974,854.0,323.0,88.0,183.0,89.0,75.0,65.0,6581.0,599.0,48.6
"Earhart Village Condos@42.28371,-83.68079",meter_model+resstock,Earhart Village Condos,42.283709800165845,-83.68079353220223,353782.0,1974,854.0,335.0,86.0,190.0,92.0,72.0,66.0,6510.0,632.0,48.9
"Earhart Village Condos@42.28664,-83.68106",meter_model+resstock,Earhart Village Condos,42.286636381257686,-83.68105963954454,353782.0,1974,854.0,335.0,86.0,190.0,92.0,72.0,66.0,6510.0,632.0,48.9
"Eastwind Apartments@42.25776,-83.69396",meter_model+resstock,Eastwind Apartments,42.25775717459019,-83.69396192836744,29832.0,1974,854.0,332.0,90.0,189.0,91.0,76.0,65.0,6433.0,663.0,49.2
"Forest Creek Condos@42.23972,-83.71837",meter_model+resstock,Forest Creek Condos,42.23971720007988,-83.7183722033352,100613.0,1974,854.0,332.0,88.0,189.0,91.0,74.0,65.0,6458.0,650.0,49.1
"Forest Hills Co-Op Apartments@42.23188,-83.71205",meter_model+resstock,Forest Hills Co-Op Apartments,42.23187909330263,-83.71204564523687,254628.0,1974,854.0,332.0,88.0,189.0,91.0,74.0,65.0,6462.0,649.0,49.1
"Fox Ridge Commons Condos@42.31726,-83.71326",meter_model+resstock,Fox Ridge Commons Condos,42.31726473535832,-83.71326358997283,83341.0,1974,854.0,339.0,82.0,192.0,93.0,70.0,66.0,6579.0,606.0,48.7
"Foxfire Condos@42.32059,-83.72677",resstock,Foxfire Condos,42.32058718732172,-83.72676894480561,5339.0,1974,854.0,573.0,112.0,325.0,156.0,95.0,109.0,6556.0,615.0,48.8
"Foxfire Condos@42.31956,-83.71908",resstock,Foxfire Condos,42.31955501952634,-83.71907713866123,3019.0,1974,854.0,716.0,237.0,406.0,201.0,200.0,147.0,6579.0,606.0,48.7
"Foxfire Condos@42.32031,-83.71409",resstock,Foxfire Condos,42.32031353897617,-83.71409220622945,3046.0,1974,854.0,716.0,237.0,406.0,201.0,200.0,147.0,6579.0,606.0,48.7
"Fritz Lofts Apartments@42.26953,-83.73475",meter_model+resstock,Fritz Lofts Apartments,42.26953133443307,-83.73475473184597,19042.0,1974,854.0,335.0,87.0,190.0,92.0,73.0,66.0,6487.0,640.0,49.0
"Fuller Apartments@42.28607,-83.73984",meter_model+resstock,Fuller Apartments,42.286073272112546,-83.73983662521162,31162.0,1974,854.0,316.0,95.0,180.0,88.0,80.0,63.0,6475.0,643.0,49.0
"Geddes Hill Apartments@42.27583,-83.72684",meter_model+resstock,Geddes Hill Apartments,42.275830099908234,-83.726844409146,51577.0,1974,854.0,256.0,94.0,146.0,72.0,79.0,53.0,6525.0,624.0,48.9
"Geddes Lake Condos@42.28350,-83.69692",resstock,Geddes Lake Condos,42.283497807176865,-83.69691783590955,9209.0,1974,854.0,562.0,120.0,321.0,153.0,102.0,107.0,6442.0,662.0,49.2
"Geddes Lake Condos@42.28599,-83.69774",meter_model+resstock,Geddes Lake Condos,42.28598909006027,-83.69773889657274,11324.0,1974,854.0,332.0,90.0,189.0,92.0,76.0,65.0,6442.0,662.0,49.2
"Georgetown Commons Condos@42.24728,-83.72815",meter_model+resstock,Georgetown Commons Condos,42.24728356981023,-83.72814677851711,135191.0,1974,854.0,333.0,87.0,190.0,92.0,73.0,66.0,6479.0,641.0,49.0
"Georgetown Townhouses Condos@42.24880,-83.72566",meter_model+resstock,Georgetown Townhouses Condos,42.24880237268643,-83.72566473822594,107477.0,1974,854.0,333.0,87.0,190.0,92.0,73.0,66.0,6479.0,641.0,49.0
"Georgetown Townhouses Condos@42.24929,-83.72461",meter_model+resstock,Georgetown Townhouses Condos,42.24929077517929,-83.72461308470453,107477.0,1974,854.0,333.0,87.0,190.0,92.0,73.0,66.0,6479.0,641.0,49.0
"Georgetown Village Condos@42.24074,-83.72887",meter_model+resstock,Georgetown Village Condos,42.24074143028856,-83.72887107579436,34009.0,1974,854.0,333.0,88.0,190.0,92.0,74.0,66.0,6474.0,646.0,49.1
"GeorgetownCommons South Condos@42.24491,-83.72896",meter_model+resstock,GeorgetownCommons South Condos,42.24491436575882,-83.72895903259801,145333.0,1974,854.0,333.0,88.0,189.0,92.0,74.0,65.0,6474.0,646.0,49.1
"GeorgetownCommons South Condos@42.24586,-83.72801",meter_model+resstock,GeorgetownCommons South Condos,42.24586154765988,-83.72801150825937,145333.0,1974,854.0,333.0,87.0,190.0,92.0,73.0,66.0,6479.0,641.0,49.0
"Glacier Greens Condos@42.28882,-83.68783",meter_model+resstock,Glacier Greens Condos,42.288816486101645,-83.68782593356953,23480.0,1974,854.0,336.0,85.0,191.0,92.0,72.0,66.0,6517.0,628.0,48.9
"Green Baxter Court Apartments@42.29850,-83.69311",meter_model+resstock,Green Baxter Court Apartments,42.29850344783201,-83.69311328047152,26614.0,1974,854.0,337.0,84.0,191.0,93.0,71.0,66.0,6534.0,620.0,48.8
"Greenbrier Apartments@42.29849,-83.68931",meter_model+resstock,Greenbrier Apartments,42.29849236926976,-83.68930632160884,348930.0,1974,854.0,336.0,84.0,191.0,92.0,71.0,66.0,6534.0,620.0,48.8
"Heritage Ridge Condos@42.28730,-83.69289",meter_model+resstock,Heritage Ridge Condos,42.28730312468453,-83.69289381790287,29876.0,1974,854.0,334.0,88.0,190.0,92.0,74.0,66.0,6479.0,645.0,49.0
"Hickory Way (CAMPUS)@42.26827,-83.78120",meter_model+resstock,Hickory Way (CAMPUS),42.26826963152454,-83.78119506524541,84876.0,2019,854.0,132.0,101.0,75.0,41.0,85.0,33.0,6581.0,599.0,48.6
"Hidden Valley Club Apartments@42.24645,-83.74261",meter_model+resstock,Hidden Valley Club Apartments,42.246450688721616,-83.74261072080013,270067.0,1974,854.0,319.0,93.0,181.0,88.0,78.0,64.0,6507.0,628.0,48.9
"Hideaway Lane Condos@42.30096,-83.72621",meter_model+resstock,Hideaway Lane Condos,42.3009606545724,-83.72621147619836,74009.0,1974,854.0,320.0,94.0,182.0,89.0,79.0,64.0,6501.0,634.0,49.0
"Hikone Apartments@42.24304,-83.71101",meter_model+resstock,Hikone Apartments,42.24304217140566,-83.71100839286456,32546.0,1974,854.0,332.0,89.0,189.0,91.0,75.0,65.0,6452.0,654.0,49.1
"Hillcrest Apartments@42.26857,-83.77732",meter_model+resstock,Hillcrest Apartments,42.26857163147697,-83.77731763396507,350076.0,1974,854.0,319.0,90.0,181.0,89.0,76.0,64.0,6561.0,608.0,48.7
"Homestead Commons Apartments@42.24249,-83.71551",meter_model+resstock,Homestead Commons Apartments,42.24249061123385,-83.71550510004064,113616.0,1974,854.0,332.0,88.0,189.0,91.0,74.0,65.0,6458.0,650.0,49.1
"Homestead Commons Apartments@42.24250,-83.71469",meter_model+resstock,Homestead Commons Apartments,42.242496609008406,-83.7146874510847,113616.0,1974,854.0,332.0,88.0,189.0,91.0,74.0,65.0,6458.0,650.0,49.1
"Huron Chase Condos@42.26054,-83.69541",meter_model+resstock,Huron Chase Condos,42.26053790601141,-83.69541135379905,193510.0,1974,854.0,331.0,90.0,189.0,91.0,76.0,65.0,6433.0,663.0,49.2
"Huron Chase Condos@42.26157,-83.69407",meter_model+resstock,Huron Chase Condos,42.261569888623185,-83.69406778647212,193510.0,1974,854.0,331.0,90.0,189.0,91.0,76.0,65.0,6433.0,663.0,49.2
"Huron Flats Apartments@42.28160,-83.76183",meter_model+resstock,Huron Flats Apartments,42.28159884876337,-83.76183480525268,12057.0,1974,854.0,317.0,94.0,180.0,88.0,79.0,63.0,6487.0,637.0,49.0
"Independence Condos@42.25351,-83.72364",meter_model+resstock,Independence Condos,42.25350505899669,-83.72363539042821,83594.0,1974,854.0,334.0,87.0,190.0,92.0,74.0,66.0,6479.0,642.0,49.0
"International House Ann Arbor@42.27087,-83.73413",meter_model+resstock,International House Ann Arbor,42.2708650825864,-83.73413362596258,10671.0,1961,854.0,364.0,98.0,207.0,100.0,83.0,72.0,6507.0,630.0,48.9
"Island Drive Apartments@42.28993,-83.73263",meter_model+resstock,Island Drive Apartments,42.28992868217451,-83.73263119679038,262065.0,1974,854.0,317.0,96.0,181.0,88.0,81.0,64.0,6457.0,654.0,49.1
"Jackson West Center Apartments@42.28050,-83.77382",meter_model+resstock,Jackson West Center Apartments,42.28050348398837,-83.77381763014226,46352.0,1974,854.0,319.0,90.0,181.0,89.0,76.0,64.0,6542.0,613.0,48.8
"Kelly Green Commons Condos@42.29559,-83.78334",meter_model+resstock,Kelly Green Commons Condos,42.29559116889785,-83.78333541742631,55853.0,1974,854.0,338.0,82.0,192.0,93.0,69.0,66.0,6562.0,606.0,48.7
"Kessler Commons Townhomes Condos@42.28844,-83.73771",meter_model+resstock,Kessler Commons Townhomes Condos,42.288443557546984,-83.73770960031524,11996.0,1974,854.0,315.0,96.0,179.0,87.0,81.0,63.0,6457.0,653.0,49.1
"Kingsley Condos@42.28560,-83.75045",meter_model+resstock,Kingsley Condos,42.28560279366915,-83.75044622076176,99318.0,1974,854.0,256.0,95.0,146.0,72.0,80.0,53.0,6472.0,644.0,49.1
"Kingsley Manor Condos@42.28513,-83.73910",meter_model+resstock,Kingsley Manor Condos,42.28513458730043,-83.7391033499179,14072.0,1974,854.0,255.0,97.0,145.0,72.0,82.0,53.0,6475.0,643.0,49.0
"Landmark Pines Condos@42.24545,-83.71708",meter_model+resstock,Landmark Pines Condos,42.24544507009464,-83.71708493260807,10041.0,1974,854.0,333.0,88.0,190.0,92.0,74.0,66.0,6458.0,650.0,49.1
"Liberty Heights Condos@42.27499,-83.77454",meter_model+resstock,Liberty Heights Condos,42.274986893757664,-83.77453752867324,85236.0,1974,854.0,337.0,83.0,191.0,93.0,70.0,66.0,6546.0,614.0,48.8
"Liberty Heights Condos@42.27542,-83.77415",meter_model+resstock,Liberty Heights Condos,42.27541967210577,-83.77415356173658,85236.0,1974,854.0,337.0,83.0,191.0,93.0,70.0,66.0,6546.0,614.0,48.8
"Liberty Lofts Condos@42.27830,-83.75153",meter_model+resstock,Liberty Lofts Condos,42.27830102083796,-83.75153074451816,123837.0,1974,854.0,257.0,95.0,146.0,72.0,80.0,53.0,6480.0,641.0,49.0
"Liberty Pointe Condos@42.27397,-83.78582",meter_model+resstock,Liberty Pointe Condos,42.27396777360268,-83.78581674752432,207019.0,1974,854.0,338.0,82.0,192.0,93.0,69.0,66.0,6571.0,604.0,48.7
"Liberty Pointe Condos@42.27536,-83.78605",meter_model+resstock,Liberty Pointe Condos,42.27535512300593,-83.78604559764334,207019.0,1974,854.0,338.0,82.0,192.0,93.0,69.0,66.0,6571.0,604.0,48.7
"Lincoln Street Place Condos@42.26814,-83.72943",meter_model+resstock,Lincoln Street Place Condos,42.268144604524466,-83.72943496525689,11666.0,1974,854.0,334.0,87.0,190.0,92.0,73.0,66.0,6487.0,640.0,49.0
"Lockwood of Ann Arbor@42.23075,-83.71558",meter_model+resstock,Lockwood of Ann Arbor,42.230750462672006,-83.71557600391733,142052.0,1974,854.0,315.0,96.0,179.0,87.0,81.0,63.0,6461.0,650.0,49.1
"Lurie Terrace Apartments@42.28215,-83.75486",meter_model+resstock,Lurie Terrace Apartments,42.282153050344625,-83.75485801144883,74864.0,1974,854.0,310.0,102.0,176.0,87.0,86.0,63.0,6487.0,637.0,49.0
"Main Street Commons Condos@42.25384,-83.74899",meter_model+resstock,Main Street Commons Condos,42.25384385910976,-83.74899440696721,72159.0,1974,854.0,320.0,92.0,182.0,89.0,77.0,64.0,6520.0,623.0,48.9
"Main on the Park Condos@42.28634,-83.74782",meter_model+resstock,Main on the Park Condos,42.286341126694396,-83.74781792535552,12076.0,1974,854.0,316.0,95.0,180.0,88.0,80.0,63.0,6472.0,644.0,49.1
"Malletts Wood Condos@42.24188,-83.70643",meter_model+resstock,Malletts Wood Condos,42.24187693076062,-83.70642920689949,27999.0,1974,854.0,332.0,89.0,189.0,91.0,75.0,65.0,6452.0,654.0,49.1
"Manchester West Apartments@42.27730,-83.77256",meter_model+resstock,Manchester West Apartments,42.27730475659395,-83.77255619697341,97851.0,1974,854.0,322.0,91.0,183.0,89.0,76.0,64.0,6546.0,614.0,48.8
"Maple Meadows Apartments@42.27166,-83.78083",meter_model+resstock,Maple Meadows Apartments,42.27165525009793,-83.78082522057473,32196.0,1974,854.0,339.0,82.0,192.0,93.0,69.0,67.0,6571.0,604.0,48.7
"Maple Ridge Apartments@42.28480,-83.77643",meter_model+resstock,Maple Ridge Apartments,42.28479827857521,-83.77643101887328,65655.0,1974,854.0,337.0,83.0,191.0,93.0,70.0,66.0,6542.0,613.0,48.8
"Maple Ridge Apartments@42.28553,-83.77623",meter_model+resstock,Maple Ridge Apartments,42.28552744005877,-83.77622933657307,65655.0,1974,854.0,337.0,83.0,191.0,93.0,70.0,66.0,6542.0,613.0,48.8
"Maple Village Condos@42.29722,-83.78222",meter_model+resstock,Maple Village Condos,42.297216356209134,-83.78221628222887,15525.0,1974,854.0,338.0,82.0,192.0,93.0,69.0,66.0,6565.0,603.0,48.7
"Meadowbrook Village Apartments@42.24913,-83.76582",meter_model+resstock,Meadowbrook Village Apartments,42.24912617294815,-83.76581687138358,237719.0,1974,854.0,336.0,84.0,191.0,92.0,71.0,66.0,6534.0,617.0,48.8
"Meadowbrook Village Apartments@42.24910,-83.76254",meter_model+resstock,Meadowbrook Village Apartments,42.249101168967336,-83.76253891008604,237719.0,1974,854.0,336.0,84.0,191.0,92.0,71.0,66.0,6534.0,617.0,48.8
"Medical Center Court Apartments@42.28941,-83.73522",meter_model+resstock,Medical Center Court Apartments,42.28940992950531,-83.73521861709649,153054.0,1974,854.0,314.0,96.0,179.0,87.0,81.0,63.0,6457.0,654.0,49.1
"Medical Center Court Apartments@42.29001,-83.73440",meter_model+resstock,Medical Center Court Apartments,42.29000855798728,-83.73440341506205,153054.0,1974,854.0,314.0,96.0,179.0,87.0,81.0,63.0,6457.0,654.0,49.1
"Mill Creek Apartments@42.23892,-83.71627",meter_model+resstock,Mill Creek Apartments,42.23892230078491,-83.71626653720445,244976.0,1974,854.0,332.0,88.0,189.0,91.0,74.0,65.0,6458.0,650.0,49.1
"Mill Creek Apartments@42.23925,-83.71396",meter_model+resstock,Mill Creek Apartments,42.23925378169093,-83.71395788165924,244976.0,1974,854.0,332.0,88.0,189.0,91.0,74.0,65.0,6458.0,650.0,49.1
"Miller Manor@42.28475,-83.75683",meter_model+resstock,Miller Manor,42.284753535728825,-83.75682893651387,76498.0,1970,854.0,329.0,105.0,187.0,92.0,88.0,67.0,6487.0,637.0,49.0
"Miller Maple Townhomes Apartments@42.29460,-83.78181",meter_model+resstock,Miller Maple Townhomes Apartments,42.29459675325657,-83.78180923111964,31421.0,1974,854.0,339.0,82.0,192.0,93.0,69.0,66.0,6562.0,606.0,48.7
"Montgomery House Apartments@42.27998,-83.74769",meter_model+resstock,Montgomery House Apartments,42.27998382546491,-83.7476871230649,38035.0,1974,854.0,256.0,95.0,146.0,72.0,80.0,53.0,6472.0,644.0,49.1
"Morningside Condos@42.26136,-83.78093",meter_model+resstock,Morningside Condos,42.261359081508125,-83.78093115412074,56031.0,1974,854.0,339.0,81.0,192.0,93.0,68.0,67.0,6583.0,597.0,48.6
"Mulberry Row Apartments@42.24280,-83.71350",meter_model+resstock,Mulberry Row Apartments,42.24280245383078,-83.71349796560852,101225.0,1974,854.0,332.0,88.0,189.0,91.0,74.0,65.0,6458.0,650.0,49.1
"Nature Cove Condos@42.25733,-83.71615",meter_model+resstock,Nature Cove Condos,42.25732542006183,-83.7161471031747,103793.0,1974,854.0,317.0,93.0,180.0,88.0,79.0,63.0,6506.0,632.0,48.9
"Newport West Condos@42.30462,-83.76530",meter_model+resstock,Newport West Condos,42.3046163802791,-83.76530301774754,262237.0,1974,854.0,335.0,85.0,190.0,92.0,72.0,66.0,6505.0,629.0,48.9
"Newport West Condos@42.30286,-83.76388",meter_model+resstock,Newport West Condos,42.30285602758776,-83.76388101402395,262237.0,1974,854.0,338.0,82.0,191.0,93.0,69.0,66.0,6571.0,602.0,48.7
"Newport West Condos@42.30516,-83.76466",meter_model+resstock,Newport West Condos,42.30516284729034,-83.76465712658843,262237.0,1974,854.0,335.0,85.0,190.0,92.0,72.0,66.0,6505.0,629.0,48.9
"Nielsen Square Condos@42.28882,-83.73443",meter_model+resstock,Nielsen Square Condos,42.2888188359145,-83.73442557071503,88382.0,1974,854.0,314.0,96.0,179.0,87.0,81.0,63.0,6457.0,654.0,49.1
"Nob Hill Apartments@42.27095,-83.75147",meter_model+resstock,Nob Hill Apartments,42.27095171754267,-83.75146858054566,135345.0,1974,854.0,315.0,95.0,179.0,88.0,80.0,63.0,6480.0,641.0,49.0
"North Oaks of Ann Arbor Condos@42.31455,-83.70915",meter_model+resstock,North Oaks of Ann Arbor Condos,42.31454891339595,-83.70915260034191,973506.0,1974,854.0,324.0,88.0,184.0,90.0,75.0,64.0,6593.0,599.0,48.6
"North Oaks of Ann Arbor Condos@42.31866,-83.70983",meter_model+resstock,North Oaks of Ann Arbor Condos,42.3186600042091,-83.7098348408863,16685.0,1974,854.0,341.0,81.0,193.0,94.0,69.0,67.0,6593.0,599.0,48.6
"North Sky Condos@42.31162,-83.73820",resstock,North Sky Condos,42.3116191716201,-83.73820089614424,2936.0,1974,854.0,709.0,246.0,403.0,199.0,207.0,146.0,6513.0,629.0,48.9
"Northbury Condos@42.31403,-83.70608",meter_model+resstock,Northbury Condos,42.31403077319255,-83.70607874786228,416700.0,1974,854.0,339.0,81.0,192.0,93.0,69.0,66.0,6593.0,599.0,48.6
"Northbury Condos@42.31391,-83.70407",meter_model+resstock,Northbury Condos,42.31390602598339,-83.7040718459118,416700.0,1974,854.0,339.0,82.0,192.0,93.0,69.0,66.0,6592.0,602.0,48.6
"Northbury Condos@42.31513,-83.70631",meter_model+resstock,Northbury Condos,42.31513022769723,-83.70631053670077,416700.0,1974,854.0,339.0,81.0,192.0,93.0,69.0,66.0,6593.0,599.0,48.6
"Northbury Condos@42.31524,-83.70375",meter_model+resstock,Northbury Condos,42.315239313332924,-83.70374632355144,416700.0,1974,854.0,339.0,82.0,192.0,93.0,69.0,66.0,6592.0,602.0,48.6
"Northside Glen Condos@42.31370,-83.73294",meter_model+resstock,Northside Glen Condos,42.31370138048487,-83.7329401104839,308650.0,1974,854.0,322.0,90.0,183.0,89.0,76.0,64.0,6566.0,611.0,48.7
"Northside Glen Condos@42.31572,-83.73117",meter_model+resstock,Northside Glen Condos,42.31572149972035,-83.73116857041802,308650.0,1974,854.0,322.0,90.0,183.0,89.0,76.0,64.0,6566.0,611.0,48.7
"Oak Ridge Condos@42.28190,-83.69909",meter_model+resstock,Oak Ridge Condos,42.281904456809414,-83.6990866475494,30060.0,1974,854.0,367.0,92.0,209.0,101.0,78.0,72.0,6442.0,662.0,49.2
"Oakbrook of Ann Arbor Condos@42.24832,-83.75579",meter_model+resstock,Oakbrook of Ann Arbor Condos,42.24831721675021,-83.75579305236701,178105.0,1974,854.0,336.0,84.0,190.0,92.0,71.0,66.0,6523.0,622.0,48.9
"Oakbrook of Ann Arbor Condos@42.24829,-83.75487",meter_model+resstock,Oakbrook of Ann Arbor Condos,42.248285856662875,-83.75486944081227,178105.0,1974,854.0,336.0,84.0,190.0,92.0,71.0,66.0,6523.0,622.0,48.9
"Oakcliff Apartments@42.30352,-83.71597",meter_model+resstock,Oakcliff Apartments,42.303521590183465,-83.71596840645044,227232.0,1974,854.0,335.0,85.0,190.0,92.0,72.0,66.0,6523.0,625.0,48.9
"Oakcliff Apartments@42.30617,-83.71607",meter_model+resstock,Oakcliff Apartments,42.30616668524698,-83.71606880040403,227232.0,1974,854.0,336.0,84.0,191.0,93.0,71.0,66.0,6545.0,620.0,48.8
"Oaks of Ann Arbor Apartments@42.23523,-83.71796",meter_model+resstock,Oaks of Ann Arbor Apartments,42.23522693554074,-83.71795957597136,16744.0,1974,854.0,333.0,88.0,190.0,92.0,75.0,66.0,6461.0,650.0,49.1
"Old Orchard Court Condos@42.28076,-83.77167",meter_model+resstock,Old Orchard Court Condos,42.28076112564723,-83.77167099949115,20621.0,1974,854.0,337.0,83.0,191.0,93.0,70.0,66.0,6542.0,613.0,48.8
"Old Walnut Heights Condos@42.27396,-83.75910",meter_model+resstock,Old Walnut Heights Condos,42.27396010468861,-83.75910016829911,14194.0,1974,854.0,335.0,86.0,190.0,92.0,73.0,66.0,6495.0,635.0,49.0
"Orchard Place Condos@42.30399,-83.73291",meter_model+resstock,Orchard Place Condos,42.30398799548925,-83.73291433400821,132505.0,1974,854.0,334.0,87.0,190.0,92.0,73.0,66.0,6494.0,638.0,49.0
"Oslund Condos@42.28903,-83.70225",meter_model+resstock,Oslund Condos,42.289027303636225,-83.7022506076486,109901.0,1974,854.0,335.0,86.0,191.0,92.0,73.0,66.0,6508.0,634.0,48.9
"Parc Pointe Apartments@42.30069,-83.72308",meter_model+resstock,Parc Pointe Apartments,42.30069424016614,-83.72308451047387,177718.0,1974,854.0,319.0,94.0,181.0,88.0,79.0,64.0,6501.0,634.0,49.0
"1320 S University LLC@42.27472,-83.73230",meter_model+resstock,1320 S University LLC,42.274719048274385,-83.73229657301096,33057.0,1965,854.0,377.0,93.0,214.0,104.0,79.0,74.0,6507.0,630.0,48.9
"Parkside Commons Townhouses Condos@42.28458,-83.77551",meter_model+resstock,Parkside Commons Townhouses Condos,42.284580391093364,-83.77551476956502,31654.0,1974,854.0,337.0,83.0,191.0,93.0,70.0,66.0,6542.0,613.0,48.8
"Parkside Commons Townhouses Condos@42.28546,-83.77532",meter_model+resstock,Parkside Commons Townhouses Condos,42.285459448276306,-83.77531780798586,31654.0,1974,854.0,337.0,83.0,191.0,93.0,70.0,66.0,6542.0,613.0,48.8
"Parkway Meadows Apartments@42.30893,-83.71047",meter_model+resstock,Parkway Meadows Apartments,42.30892666570312,-83.71047442677776,319393.0,1974,854.0,322.0,91.0,183.0,89.0,77.0,64.0,6555.0,616.0,48.8
"Pattengill Condos@42.25422,-83.72407",meter_model+resstock,Pattengill Condos,42.25421599289546,-83.72407163390979,40870.0,1974,854.0,319.0,94.0,182.0,89.0,80.0,64.0,6491.0,639.0,49.0
"Pauline Apartments@42.26867,-83.76589",meter_model+resstock,Pauline Apartments,42.26867395225281,-83.7658938199399,35008.0,1974,854.0,338.0,83.0,192.0,93.0,70.0,66.0,6556.0,610.0,48.7
"Pine Valley Apartments@42.25082,-83.72599",meter_model+resstock,Pine Valley Apartments,42.25081843347222,-83.72599280850105,222409.0,1974,854.0,333.0,87.0,190.0,92.0,74.0,66.0,6479.0,642.0,49.0
"Pine Valley Apartments@42.25092,-83.72452",meter_model+resstock,Pine Valley Apartments,42.25092331780879,-83.72452499287066,222409.0,1974,854.0,333.0,87.0,190.0,92.0,74.0,66.0,6479.0,642.0,49.0
"Pinelake Village Cooperative Apartments@42.26958,-83.78206",meter_model+resstock,Pinelake Village Cooperative Apartments,42.2695811616763,-83.7820627800099,138163.0,1974,854.0,339.0,81.0,192.0,93.0,69.0,67.0,6581.0,599.0,48.6
"Plymouth Green Crossings Condos@42.30566,-83.69480",meter_model+resstock,Plymouth Green Crossings Condos,42.30565807390766,-83.69479664793049,69659.0,1974,854.0,322.0,91.0,183.0,89.0,76.0,64.0,6558.0,614.0,48.7
"Ponds at Georgetown Apartments@42.25055,-83.72129",meter_model+resstock,Ponds at Georgetown Apartments,42.250551307489715,-83.72129100103184,164641.0,1974,854.0,318.0,95.0,181.0,88.0,80.0,64.0,6479.0,642.0,49.0
"Pump Station No 2 Condos@42.28009,-83.75687",meter_model+resstock,Pump Station No 2 Condos,42.280087773455435,-83.75686985584021,10556.0,1974,854.0,335.0,86.0,190.0,92.0,73.0,66.0,6487.0,637.0,49.0
"ReNew Ann Arbor Apartments@42.24865,-83.74721",meter_model+resstock,ReNew Ann Arbor Apartments,42.24864635508533,-83.74721183954543,270792.0,1974,854.0,317.0,92.0,180.0,88.0,77.0,64.0,6520.0,623.0,48.9
"ReNew Ann Arbor Apartments@42.24901,-83.74485",meter_model+resstock,ReNew Ann Arbor Apartments,42.249011333228765,-83.74485068325497,270792.0,1974,854.0,316.0,93.0,180.0,88.0,78.0,63.0,6507.0,628.0,48.9
"Ridgewood Condos@42.27389,-83.77403",meter_model+resstock,Ridgewood Condos,42.273889131762836,-83.77403280661264,66410.0,1974,854.0,337.0,83.0,191.0,93.0,70.0,66.0,6546.0,614.0,48.8
"Ridgmaar Square Condos@42.28498,-83.68386",meter_model+resstock,Ridgmaar Square Condos,42.2849760450453,-83.68386192471718,87650.0,1974,854.0,336.0,86.0,191.0,92.0,72.0,66.0,6510.0,632.0,48.9
"Ridgmaar Square Condos@42.28538,-83.68333",meter_model+resstock,Ridgmaar Square Condos,42.28538147395638,-83.68333490871534,87650.0,1974,854.0,336.0,86.0,191.0,92.0,72.0,66.0,6510.0,632.0,48.9
"River House Condos@42.29106,-83.73052",meter_model+resstock,River House Condos,42.29106297700574,-83.73052340613043,146518.0,1974,854.0,332.0,89.0,189.0,91.0,75.0,65.0,6457.0,654.0,49.1
"Riverside Park Place Condos@42.28712,-83.73460",meter_model+resstock,Riverside Park Place Condos,42.2871237724943,-83.73459753275402,127513.0,1974,854.0,214.0,92.0,122.0,61.0,77.0,46.0,6472.0,646.0,49.1
"Shoreview Apartments@42.29295,-83.74228",meter_model+resstock,Shoreview Apartments,42.29295107766191,-83.74227566339884,91685.0,1974,854.0,333.0,89.0,189.0,92.0,75.0,65.0,6457.0,653.0,49.1
"Siller Terrace Apartments@42.27656,-83.76763",meter_model+resstock,Siller Terrace Apartments,42.27655585153822,-83.7676280377971,21678.0,1974,854.0,336.0,85.0,191.0,92.0,72.0,66.0,6520.0,625.0,48.9
"Sloan Plaza Condos@42.28176,-83.74256",meter_model+resstock,Sloan Plaza Condos,42.28176344363129,-83.74255885571009,150644.0,1974,854.0,252.0,79.0,143.0,70.0,67.0,51.0,6475.0,643.0,49.0
"South Grove Apartments@42.23389,-83.72268",meter_model+resstock,South Grove Apartments,42.23388918862962,-83.72268359155113,465971.0,1974,854.0,332.0,88.0,189.0,91.0,74.0,65.0,6456.0,650.0,49.1
"South Grove Apartments@42.23606,-83.72289",meter_model+resstock,South Grove Apartments,42.236058848999605,-83.72288851287338,465971.0,1974,854.0,332.0,88.0,189.0,91.0,74.0,65.0,6456.0,650.0,49.1
"Spruce Knob Apartments@42.23822,-83.72251",meter_model+resstock,Spruce Knob Apartments,42.23822091590333,-83.72251211152464,143621.0,1974,854.0,333.0,88.0,189.0,92.0,74.0,65.0,6474.0,646.0,49.1
"State Crossing@42.26172,-83.74011",meter_model+resstock,State Crossing,42.26172030368167,-83.7401137541003,33992.0,2020,854.0,131.0,107.0,74.0,40.0,89.0,33.0,6499.0,633.0,49.0
"State Street Village Apartments@42.25434,-83.73771",meter_model+resstock,State Street Village Apartments,42.254341619171655,-83.73771220658108,98657.0,1974,854.0,318.0,93.0,181.0,88.0,79.0,64.0,6499.0,633.0,49.0
"Stone School Townhomes Condos@42.23424,-83.71864",meter_model+resstock,Stone School Townhomes Condos,42.23423595419042,-83.71863874707775,75671.0,1974,854.0,333.0,88.0,189.0,92.0,75.0,65.0,6461.0,650.0,49.1
"Surrey Park Apartments@42.26269,-83.78119",meter_model+resstock,Surrey Park Apartments,42.26269343074782,-83.78118699941324,93835.0,1974,854.0,376.0,83.0,213.0,103.0,71.0,73.0,6581.0,599.0,48.6
"Ashley Mews/Brady Apartments Tower@42.27745,-83.74914",meter_model+resstock,Ashley Mews/Brady Apartments Tower,42.27744964724994,-83.74914068179356,122855.0,2001,854.0,106.0,104.0,60.0,34.0,88.0,29.0,6481.0,641.0,49.0
"The Armory Condos@42.28255,-83.74627",meter_model+resstock,The Armory Condos,42.28255451273668,-83.7462694032038,15460.0,1974,854.0,333.0,87.0,189.0,92.0,74.0,65.0,6472.0,644.0,49.1
"The Broadway Condos@42.29132,-83.73579",meter_model+resstock,The Broadway Condos,42.29132132908597,-83.73578622715074,18974.0,1974,854.0,318.0,96.0,181.0,88.0,81.0,64.0,6457.0,654.0,49.1
"The Courtyard Student Apartments@42.29609,-83.72110",meter_model+resstock,The Courtyard Student Apartments,42.296090861080835,-83.72110481242713,309661.0,1974,854.0,255.0,96.0,145.0,72.0,81.0,53.0,6501.0,634.0,49.0
"The Crossing of Ann Arbor Condos@42.29199,-83.74113",meter_model+resstock,The Crossing of Ann Arbor Condos,42.291987373999845,-83.74112597786358,50472.0,1974,854.0,332.0,89.0,189.0,92.0,75.0,65.0,6457.0,653.0,49.1
"The Dean Apartments@42.26915,-83.73670",meter_model+resstock,The Dean Apartments,42.26915461629527,-83.73669954233061,13854.0,1974,854.0,256.0,97.0,145.0,72.0,81.0,53.0,6487.0,640.0,49.0
"The Emerson Apartments@42.24120,-83.75574",meter_model+resstock,The Emerson Apartments,42.24120177362495,-83.75574377498512,336411.0,1974,854.0,319.0,92.0,181.0,88.0,78.0,64.0,6518.0,625.0,48.9
"The Emerson Apartments@42.24023,-83.75357",meter_model+resstock,The Emerson Apartments,42.24022549663618,-83.75357413405112,336411.0,1974,854.0,319.0,93.0,181.0,88.0,78.0,64.0,6507.0,630.0,48.9
"The Gallery Condos@42.27638,-83.74952",meter_model+resstock,The Gallery Condos,42.27638256760788,-83.74952392382409,34032.0,1974,854.0,255.0,97.0,145.0,72.0,81.0,53.0,6481.0,641.0,49.0
"The George@42.24961,-83.72324",meter_model+resstock,The George,42.24960967646029,-83.72323855514227,315108.0,2016,854.0,130.0,108.0,74.0,40.0,91.0,33.0,6479.0,641.0,49.0
"The Highlands Apartments@42.29741,-83.72541",meter_model+resstock,The Highlands Apartments,42.29740713572383,-83.7254102396711,103066.0,1974,854.0,256.0,96.0,145.0,72.0,81.0,53.0,6501.0,634.0,49.0
"The Mark Condos@42.27960,-83.75212",meter_model+resstock,The Mark Condos,42.279598079932,-83.75212426177602,19104.0,1974,854.0,257.0,95.0,146.0,72.0,80.0,53.0,6472.0,644.0,49.1
"The Oaks of Ann Arbor Condos@42.23486,-83.71877",meter_model+resstock,The Oaks of Ann Arbor Condos,42.234864318412974,-83.7187724717814,47791.0,1974,854.0,333.0,88.0,189.0,92.0,75.0,65.0,6461.0,650.0,49.1
"The Oaks of Ann Arbor Condos@42.23553,-83.71879",meter_model+resstock,The Oaks of Ann Arbor Condos,42.23552819431105,-83.71879480602594,47791.0,1974,854.0,333.0,88.0,189.0,92.0,75.0,65.0,6461.0,650.0,49.1
"The One Apartments@42.30979,-83.73771",meter_model+resstock,The One Apartments,42.3097944570451,-83.73770959284926,296199.0,1974,854.0,320.0,93.0,182.0,89.0,78.0,64.0,6513.0,629.0,48.9
"The Point on Main Apartments@42.27384,-83.74941",meter_model+resstock,The Point on Main Apartments,42.273838045871294,-83.74940707439265,29128.0,1974,854.0,257.0,95.0,146.0,72.0,80.0,53.0,6481.0,641.0,49.0
"The Ravines of Ann Arbor Condos@42.28202,-83.75953",meter_model+resstock,The Ravines of Ann Arbor Condos,42.28202484199264,-83.75952816823141,16562.0,1974,854.0,316.0,94.0,180.0,88.0,79.0,63.0,6487.0,637.0,49.0
"The Sans Souci@42.26794,-83.75055",meter_model+resstock,The Sans Souci,42.26794431123551,-83.75054635340922,18585.0,1974,854.0,318.0,93.0,181.0,88.0,78.0,64.0,6510.0,628.0,48.9
"The Standard At Ann Arbor@42.27729,-83.74841",meter_model+resstock,The Standard At Ann Arbor,42.27729217671301,-83.74840932140593,231305.0,2022,854.0,93.0,101.0,53.0,30.0,85.0,26.0,6481.0,641.0,49.0
"Vic Village North@42.27523,-83.73529",meter_model+resstock,Vic Village North,42.27522939528095,-83.73529151616063,134384.0,2019,854.0,91.0,102.0,52.0,30.0,85.0,26.0,6507.0,630.0,48.9
"The Vic Village South Apartments@42.27481,-83.73530",meter_model+resstock,The Vic Village South Apartments,42.27480931343874,-83.73529709285216,204811.0,1974,854.0,292.0,104.0,166.0,82.0,88.0,60.0,6507.0,630.0,48.9
"The Village Co-Op Homes Condos@42.25076,-83.69220",resstock,The Village Co-Op Homes Condos,42.250762305321345,-83.69220206642372,5417.0,1974,854.0,563.0,119.0,321.0,153.0,101.0,108.0,6449.0,657.0,49.2
"The Villas at Main Street Apartments@42.25076,-83.74684",meter_model+resstock,The Villas at Main Street Apartments,42.25075940498313,-83.74683609775614,620936.0,1974,854.0,320.0,92.0,182.0,89.0,77.0,64.0,6520.0,623.0,48.9
"The Villas at Northstar Apartments@42.31820,-83.70607",meter_model+resstock,The Villas at Northstar Apartments,42.31820321809075,-83.70606597481802,17211.0,1974,854.0,341.0,81.0,193.0,94.0,69.0,67.0,6593.0,599.0,48.6
"The Woods of Ann Arbor Condos@42.25238,-83.72283",meter_model+resstock,The Woods of Ann Arbor Condos,42.252378724769756,-83.72282884057344,58657.0,1974,854.0,333.0,87.0,190.0,92.0,74.0,66.0,6479.0,642.0,49.0
"Tower Plaza Condos@42.27802,-83.74237",meter_model+resstock,Tower Plaza Condos,42.27801800647359,-83.74237283776085,172648.0,1974,854.0,254.0,90.0,145.0,72.0,76.0,52.0,6505.0,633.0,48.9
"Traver Courts Apartments@42.29410,-83.68531",meter_model+resstock,Traver Courts Apartments,42.29410166562256,-83.68531123017046,193393.0,1974,854.0,320.0,93.0,182.0,89.0,78.0,64.0,6517.0,627.0,48.9
"Traver Courts Apartments@42.29329,-83.68436",meter_model+resstock,Traver Courts Apartments,42.29329092954248,-83.68436388580533,193393.0,1974,854.0,320.0,93.0,182.0,89.0,78.0,64.0,6517.0,627.0,48.9
"Traver Lakes Condos@42.31075,-83.70905",meter_model+resstock,Traver Lakes Condos,42.31074945899242,-83.7090450435935,179025.0,1974,854.0,337.0,84.0,191.0,93.0,71.0,66.0,6555.0,616.0,48.8
"Traver Ridge Apartments@42.30994,-83.71751",meter_model+resstock,Traver Ridge Apartments,42.309937566123246,-83.71751132577202,321122.0,1974,854.0,322.0,91.0,183.0,89.0,77.0,64.0,6545.0,620.0,48.8
"Traver Ridge Apartments@42.30911,-83.71337",meter_model+resstock,Traver Ridge Apartments,42.3091124045137,-83.7133707677381,321122.0,1974,854.0,322.0,91.0,183.0,89.0,77.0,64.0,6545.0,620.0,48.8
"Turnberry Village Condos@42.24174,-83.68541",meter_model+resstock,Turnberry Village Condos,42.241742764028345,-83.68540816864122,145949.0,1974,854.0,332.0,89.0,189.0,91.0,75.0,65.0,6453.0,653.0,49.1
"Turnberry Village Condos@42.24171,-83.68469",meter_model+resstock,Turnberry Village Condos,42.241713836255336,-83.68468619295004,145949.0,1974,854.0,332.0,89.0,189.0,91.0,75.0,65.0,6453.0,653.0,49.1
"UM Alice Lloyd Hall@42.28127,-83.73177",meter_model+resstock,UM Alice Lloyd Hall,42.28127003969827,-83.73177289294787,146254.0,1974,854.0,328.0,107.0,187.0,92.0,90.0,67.0,6472.0,646.0,49.1
"UM Betsy Barbour House@42.27730,-83.74156",meter_model+resstock,UM Betsy Barbour House,42.27730351772998,-83.74155596855347,29120.0,1974,854.0,256.0,96.0,145.0,72.0,80.0,53.0,6505.0,633.0,48.9
"UM Bursley Dining Hall@42.29373,-83.72070",meter_model+resstock,UM Bursley Dining Hall,42.29372827664273,-83.72070262761571,49185.0,1974,854.0,335.0,86.0,190.0,92.0,73.0,66.0,6503.0,634.0,48.9
"UM East Quad@42.27297,-83.73497",meter_model+resstock,UM East Quad,42.27297282871271,-83.7349695272033,222865.0,1974,854.0,255.0,95.0,145.0,72.0,80.0,53.0,6507.0,630.0,48.9
"UM Fletcher Hall@42.27019,-83.74275",meter_model+resstock,UM Fletcher Hall,42.2701857594479,-83.74274900421594,10515.0,1974,854.0,316.0,94.0,180.0,88.0,80.0,63.0,6482.0,640.0,49.0
"UM Helen Newberry Residence@42.27694,-83.74154",meter_model+resstock,UM Helen Newberry Residence,42.27694370887963,-83.74153936981422,23476.0,1974,854.0,256.0,96.0,145.0,72.0,80.0,53.0,6505.0,633.0,48.9
"UM Martha Cook Residence Hall@42.27438,-83.73798",meter_model+resstock,UM Martha Cook Residence Hall,42.274377398794314,-83.73797695000911,42647.0,1974,854.0,256.0,96.0,145.0,72.0,80.0,53.0,6505.0,633.0,48.9
"UM Mary Markley Hall@42.28091,-83.72873",meter_model+resstock,UM Mary Markley Hall,42.28090530395854,-83.72873264023951,199778.0,1974,854.0,255.0,97.0,145.0,72.0,82.0,53.0,6445.0,660.0,49.2
"UM Mosher-Jordan Hall@42.28009,-83.73143",meter_model+resstock,UM Mosher-Jordan Hall,42.28008930215128,-83.7314332869305,101837.0,1974,854.0,256.0,95.0,146.0,72.0,80.0,53.0,6472.0,646.0,49.1
"UM Munger Grad Housing@42.27473,-83.74370",meter_model+resstock,UM Munger Grad Housing,42.27472799734358,-83.74370026408194,282197.0,1974,854.0,311.0,101.0,177.0,87.0,85.0,63.0,6505.0,633.0,48.9
"UM North Quad@42.28080,-83.73981",meter_model+resstock,UM North Quad,42.28079654245713,-83.73980584483623,270383.0,1974,854.0,309.0,103.0,176.0,86.0,87.0,63.0,6475.0,643.0,49.0
"UM Northwood I@42.29668,-83.71351",meter_model+resstock,UM Northwood I,42.29668274816184,-83.7135096086192,104385.0,1974,854.0,336.0,85.0,191.0,92.0,72.0,66.0,6523.0,625.0,48.9
"UM Northwood II Apartments@42.29673,-83.71591",meter_model+resstock,UM Northwood II Apartments,42.296729092795694,-83.71590769209102,144504.0,1974,854.0,335.0,85.0,191.0,92.0,72.0,66.0,6523.0,625.0,48.9
"UM Northwood II Apartments@42.29840,-83.71344",meter_model+resstock,UM Northwood II Apartments,42.29840434877137,-83.71344312348742,144504.0,1974,854.0,335.0,85.0,191.0,92.0,72.0,66.0,6523.0,625.0,48.9
"UM Northwood IV@42.29924,-83.71065",meter_model+resstock,UM Northwood IV,42.29923516660433,-83.7106486772983,360235.0,1974,854.0,336.0,85.0,191.0,92.0,72.0,66.0,6524.0,625.0,48.9
"UM Northwood V@42.29368,-83.69967",resstock,UM Northwood V,42.29368243238324,-83.69967356399569,124.0,1974,854.0,658.0,219.0,374.0,184.0,185.0,134.0,6508.0,634.0,48.9
"UM Oxford Housing@42.27462,-83.72533",meter_model+resstock,UM Oxford Housing,42.274621367382295,-83.72532718139078,122252.0,1974,854.0,320.0,92.0,182.0,89.0,78.0,64.0,6525.0,624.0,48.9
"UM Oxford Housing@42.27528,-83.72515",meter_model+resstock,UM Oxford Housing,42.27527706099044,-83.72515034885757,122252.0,1974,854.0,320.0,92.0,182.0,89.0,78.0,64.0,6525.0,624.0,48.9
"UM South Quad@42.27371,-83.74218",meter_model+resstock,UM South Quad,42.27371042270381,-83.74218127081392,320486.0,1974,854.0,216.0,90.0,123.0,61.0,76.0,46.0,6505.0,633.0,48.9
"UM Stockwell Hall@42.27887,-83.73156",meter_model+resstock,UM Stockwell Hall,42.27886622245978,-83.73155673454681,112469.0,1974,854.0,258.0,93.0,147.0,73.0,78.0,53.0,6507.0,630.0,48.9
"UM Vera Baits 1 - Eaton House@42.29264,-83.72333",meter_model+resstock,UM Vera Baits 1 - Eaton House,42.29263755682671,-83.72332952164271,26168.0,1974,854.0,318.0,93.0,181.0,88.0,79.0,64.0,6506.0,632.0,48.9
"UM Vera Baits 1 - Lee House@42.29200,-83.72273",meter_model+resstock,UM Vera Baits 1 - Lee House,42.2920036231675,-83.72273032557378,19113.0,1974,854.0,318.0,93.0,181.0,88.0,79.0,64.0,6506.0,632.0,48.9
"UM Vera Baits 1 - Parker House@42.29142,-83.72273",meter_model+resstock,UM Vera Baits 1 - Parker House,42.291421276490325,-83.72272819512364,21134.0,1974,854.0,318.0,93.0,181.0,88.0,79.0,64.0,6506.0,632.0,48.9
"UM Vera Baits 1 - Smith House@42.29091,-83.72278",meter_model+resstock,UM Vera Baits 1 - Smith House,42.290907967479015,-83.7227817452033,17759.0,1974,854.0,317.0,93.0,180.0,88.0,79.0,64.0,6506.0,632.0,48.9
"UM Vera Baits 1 - Stanley House@42.29110,-83.72328",meter_model+resstock,UM Vera Baits 1 - Stanley House,42.2911023161191,-83.7232783698147,20487.0,1974,854.0,318.0,93.0,181.0,88.0,79.0,64.0,6506.0,632.0,48.9
"UM Vera Baits 2 - Coman House@42.29406,-83.72342",meter_model+resstock,UM Vera Baits 2 - Coman House,42.294061621545566,-83.7234182450134,46800.0,1974,854.0,257.0,95.0,146.0,72.0,80.0,53.0,6506.0,632.0,48.9
"UM Vera Baits 2 - Conger House@42.29358,-83.72305",meter_model+resstock,UM Vera Baits 2 - Conger House,42.29358261022815,-83.72305072425851,21852.0,1974,854.0,257.0,95.0,146.0,72.0,80.0,53.0,6506.0,632.0,48.9
"UM Vera Baits 2 - Cross House@42.29378,-83.72398",meter_model+resstock,UM Vera Baits 2 - Cross House,42.2937829385008,-83.72397559597454,25805.0,1974,854.0,257.0,95.0,146.0,72.0,80.0,53.0,6506.0,632.0,48.9
"UM Vera Baits 2 - Thieme House@42.29402,-83.72495",meter_model+resstock,UM Vera Baits 2 - Thieme House,42.294023645433995,-83.7249491624371,20888.0,1974,854.0,257.0,95.0,146.0,72.0,80.0,53.0,6506.0,632.0,48.9
"UM Vera Baits 2 - Ziwet House@42.29435,-83.72466",meter_model+resstock,UM Vera Baits 2 - Ziwet House,42.29435155044675,-83.72466443981043,25393.0,1974,854.0,257.0,95.0,146.0,72.0,80.0,53.0,6506.0,632.0,48.9
"UM West Quad@42.27491,-83.74259",meter_model+resstock,UM West Quad,42.27490917225768,-83.74258813701246,247407.0,1974,854.0,258.0,93.0,146.0,73.0,79.0,53.0,6505.0,633.0,48.9
"University Commons Condos@42.28440,-83.70339",meter_model+resstock,University Commons Condos,42.284396875426026,-83.70339305212306,244393.0,1974,854.0,253.0,100.0,144.0,72.0,84.0,53.0,6442.0,662.0,49.2
"University Commons Condos@42.28537,-83.70356",meter_model+resstock,University Commons Condos,42.28536891900645,-83.70356400667521,244393.0,1974,854.0,253.0,100.0,144.0,72.0,84.0,53.0,6442.0,662.0,49.2
"University Living in Ann Arbor@42.24534,-83.74858",meter_model+resstock,University Living in Ann Arbor,42.2453449930499,-83.7485763961083,64521.0,1974,854.0,317.0,93.0,180.0,88.0,78.0,64.0,6507.0,629.0,48.9
"University Townhouses Cooperative@42.23263,-83.70735",meter_model+resstock,University Townhouses Cooperative,42.232627169442566,-83.70735176197273,513314.0,1974,854.0,332.0,88.0,189.0,91.0,74.0,65.0,6462.0,649.0,49.1
"University Townhouses Cooperative@42.23552,-83.70876",meter_model+resstock,University Townhouses Cooperative,42.23552169880203,-83.70875876838129,513314.0,1974,854.0,332.0,88.0,189.0,91.0,74.0,65.0,6462.0,649.0,49.1
"Upland Greens Apartments@42.29936,-83.71986",meter_model+resstock,Upland Greens Apartments,42.29935618559493,-83.71985692561361,34936.0,1974,854.0,318.0,92.0,181.0,88.0,78.0,64.0,6523.0,625.0,48.9
"Veridian at County Farm South@42.25331,-83.70142",meter_model+resstock,Veridian at County Farm South,42.25330666170736,-83.70141853741409,39748.0,1974,854.0,314.0,97.0,179.0,87.0,82.0,63.0,6444.0,658.0,49.2
"Verve Ann Arbor@42.27289,-83.73222",meter_model+resstock,Verve Ann Arbor,42.27288739128373,-83.73222333123226,310660.0,1974,854.0,292.0,104.0,166.0,82.0,88.0,60.0,6507.0,630.0,48.9
"Walden Hills Condos@42.26716,-83.77706",meter_model+resstock,Walden Hills Condos,42.26716386932977,-83.77705928265601,123980.0,1974,854.0,323.0,90.0,183.0,89.0,76.0,65.0,6561.0,608.0,48.7
"bldg@42.26684,-83.77864",resstock,,42.26684229295306,-83.77864355461844,1039.0,1974,854.0,664.0,210.0,376.0,185.0,177.0,135.0,6561.0,608.0,48.7
"Walden Village Condos@42.26646,-83.77573",meter_model+resstock,Walden Village Condos,42.26645680234922,-83.77573173613716,97734.0,1974,854.0,338.0,83.0,192.0,93.0,70.0,66.0,6561.0,608.0,48.7
"Walden Village Condos@42.26694,-83.77480",meter_model+resstock,Walden Village Condos,42.26693614757758,-83.77479782085062,97734.0,1974,854.0,338.0,83.0,192.0,93.0,70.0,66.0,6561.0,608.0,48.7
"Washington Manor Apartments@42.28008,-83.74312",meter_model+resstock,Washington Manor Apartments,42.28007897313638,-83.7431189517867,14519.0,1974,854.0,315.0,95.0,179.0,88.0,80.0,63.0,6475.0,643.0,49.0
"Watershed Condos@42.28724,-83.70134",meter_model+resstock,Watershed Condos,42.28724001571284,-83.70133703121209,48841.0,1974,854.0,313.0,98.0,179.0,87.0,82.0,63.0,6442.0,662.0,49.2
"West Arbor Apartments@42.28747,-83.78183",meter_model+resstock,West Arbor Apartments,42.28747207543883,-83.78182774435702,64146.0,1974,854.0,337.0,83.0,191.0,93.0,70.0,66.0,6554.0,609.0,48.7
"Wickliffe Place Condos@42.28697,-83.74601",meter_model+resstock,Wickliffe Place Condos,42.28697310394259,-83.74600794983783,39969.0,1974,854.0,316.0,95.0,180.0,88.0,80.0,63.0,6472.0,644.0,49.1
"William Street Townhouse Condos@42.27818,-83.75041",meter_model+resstock,William Street Townhouse Condos,42.27817799219346,-83.75041301177427,11260.0,1974,854.0,255.0,97.0,145.0,72.0,81.0,53.0,6480.0,641.0,49.0
"Willowtree Apartments@42.30033,-83.71843",meter_model+resstock,Willowtree Apartments,42.300334671683565,-83.71843224620785,270769.0,1974,854.0,318.0,92.0,180.0,88.0,78.0,64.0,6523.0,625.0,48.9
"Woodbury Gardens Apartments@42.25757,-83.73569",meter_model+resstock,Woodbury Gardens Apartments,42.257570290850026,-83.73568952243954,30065.0,1974,854.0,316.0,95.0,180.0,88.0,80.0,63.0,6471.0,645.0,49.1
"Woodbury Gardens Apartments@42.25804,-83.73265",resstock,Woodbury Gardens Apartments,42.25803528411732,-83.73264899420599,1184.0,1974,854.0,654.0,223.0,372.0,183.0,188.0,134.0,6471.0,645.0,49.1
"Woodcreek of Ann Arbor Condos@42.26108,-83.68877",resstock,Woodcreek of Ann Arbor Condos,42.261080104257026,-83.6887671291092,5196.0,1974,854.0,561.0,120.0,320.0,153.0,102.0,107.0,6433.0,663.0,49.2
"Woodland Meadows Condos@42.25021,-83.75550",meter_model+resstock,Woodland Meadows Condos,42.25020655019978,-83.75549558808873,419755.0,1974,854.0,320.0,92.0,182.0,89.0,77.0,64.0,6523.0,622.0,48.9
"Woodland Meadows Condos@42.25161,-83.75218",meter_model+resstock,Woodland Meadows Condos,42.25161096659399,-83.75217995684159,419755.0,1974,854.0,320.0,92.0,182.0,89.0,77.0,64.0,6520.0,623.0,48.9
"Wyndham Hill Apartments@42.26427,-83.76178",meter_model+resstock,Wyndham Hill Apartments,42.2642693546468,-83.76178249225956,79253.0,1974,854.0,319.0,91.0,181.0,88.0,77.0,64.0,6540.0,617.0,48.8
"bldg@42.27036,-83.74099",meter_model+resstock,,42.27035841388506,-83.74098864359095,27316.0,1974,854.0,255.0,97.0,145.0,72.0,81.0,53.0,6482.0,640.0,49.0
"731 Packard@42.27025,-83.73942",meter_model+resstock,731 Packard,42.27024780301764,-83.73942274443084,26536.0,1963,854.0,398.0,97.0,226.0,109.0,82.0,78.0,6482.0,640.0,49.0
"bldg@42.27363,-83.75678",meter_model+resstock,,42.27363427527193,-83.75678169439277,17918.0,1974,854.0,317.0,94.0,180.0,88.0,79.0,64.0,6495.0,635.0,49.0
"bldg@42.26371,-83.71753",meter_model+resstock,,42.263706824242036,-83.71753236596979,17270.0,1974,854.0,318.0,93.0,180.0,88.0,78.0,64.0,6516.0,628.0,48.9
"bldg@42.27803,-83.71252",meter_model+resstock,,42.27803439355678,-83.712518300411,10470.0,1974,854.0,336.0,86.0,191.0,92.0,73.0,66.0,6502.0,634.0,49.0
"bldg@42.27465,-83.74122",meter_model+resstock,,42.27464787409426,-83.7412163228645,13975.0,1974,854.0,317.0,93.0,180.0,88.0,79.0,64.0,6505.0,633.0,48.9
"bldg@42.27266,-83.74092",meter_model+resstock,,42.272656362046035,-83.74091510658133,11218.0,1974,854.0,318.0,93.0,180.0,88.0,79.0,64.0,6505.0,633.0,48.9
"bldg@42.27354,-83.74105",meter_model+resstock,,42.27353513512723,-83.74104954999231,11130.0,1974,854.0,317.0,93.0,180.0,88.0,79.0,64.0,6505.0,633.0,48.9
"bldg@42.27088,-83.73808",meter_model+resstock,,42.270881736076845,-83.73807787353844,10055.0,1974,854.0,256.0,96.0,145.0,72.0,80.0,53.0,6505.0,633.0,48.9
"bldg@42.27276,-83.74209",meter_model+resstock,,42.27275661887248,-83.74208944889762,10728.0,1974,854.0,317.0,93.0,180.0,88.0,79.0,64.0,6505.0,633.0,48.9
"bldg@42.27369,-83.70150",meter_model+resstock,,42.27369490639827,-83.70150414269759,10492.0,1974,854.0,331.0,91.0,189.0,91.0,77.0,65.0,6423.0,671.0,49.3
"bldg@42.29105,-83.69918",meter_model+resstock,,42.291051943456964,-83.69918066941045,12566.0,1974,854.0,318.0,93.0,181.0,88.0,79.0,64.0,6508.0,634.0,48.9
"bldg@42.27297,-83.74165",meter_model+resstock,,42.27296654215587,-83.74164686577534,12386.0,1974,854.0,317.0,93.0,180.0,88.0,79.0,64.0,6505.0,633.0,48.9
"bldg@42.27226,-83.73857",meter_model+resstock,,42.272260223897476,-83.73856613832896,19168.0,1974,854.0,317.0,93.0,180.0,88.0,79.0,64.0,6505.0,633.0,48.9
"bldg@42.27513,-83.68980",meter_model+resstock,,42.27513151365383,-83.68979778822947,16360.0,1974,854.0,313.0,99.0,179.0,87.0,83.0,63.0,6419.0,672.0,49.3
"bldg@42.27311,-83.72542",meter_model+resstock,,42.27311400533948,-83.72541576045879,16255.0,1974,854.0,319.0,92.0,181.0,88.0,78.0,64.0,6525.0,624.0,48.9
"350 Thompson@42.27818,-83.74345",meter_model+resstock,350 Thompson,42.27818306638639,-83.74345008336849,31710.0,1967,854.0,301.0,96.0,171.0,84.0,81.0,61.0,6505.0,633.0,48.9
"bldg@42.27270,-83.72635",meter_model+resstock,,42.27270144527935,-83.72635228080335,19265.0,1974,854.0,257.0,94.0,146.0,72.0,79.0,53.0,6525.0,624.0,48.9
"bldg@42.26927,-83.73990",meter_model+resstock,,42.26927100619133,-83.73989560808025,17443.0,1974,854.0,255.0,97.0,145.0,72.0,81.0,53.0,6482.0,640.0,49.0
"bldg@42.27138,-83.74034",meter_model+resstock,,42.271381491152894,-83.74034442104926,12058.0,1974,854.0,318.0,93.0,180.0,88.0,79.0,64.0,6505.0,633.0,48.9
"bldg@42.27117,-83.73275",meter_model+resstock,,42.271165143847206,-83.73274605254599,11805.0,1974,854.0,318.0,93.0,181.0,88.0,78.0,64.0,6507.0,630.0,48.9
"bldg@42.31088,-83.77016",meter_model+resstock,,42.31088399132605,-83.77016475822688,11755.0,1974,854.0,318.0,93.0,181.0,88.0,78.0,64.0,6505.0,629.0,48.9
"bldg@42.27332,-83.72491",meter_model+resstock,,42.273322536412074,-83.72490849899285,11421.0,1974,854.0,319.0,92.0,181.0,88.0,78.0,64.0,6525.0,624.0,48.9
"bldg@42.28062,-83.68822",meter_model+resstock,,42.28062113855843,-83.68821616531919,12101.0,1974,854.0,316.0,95.0,180.0,88.0,80.0,63.0,6479.0,645.0,49.0
"bldg@42.30710,-83.77101",meter_model+resstock,,42.30710437026285,-83.7710085892657,12837.0,1974,854.0,319.0,91.0,181.0,88.0,76.0,64.0,6536.0,615.0,48.8
"bldg@42.28418,-83.69419",meter_model+resstock,,42.28417761314145,-83.69419421584702,10202.0,1974,854.0,316.0,95.0,180.0,88.0,80.0,63.0,6479.0,645.0,49.0
"bldg@42.28502,-83.74305",meter_model+resstock,,42.285024779844846,-83.74304835182478,10148.0,1974,854.0,316.0,95.0,180.0,88.0,80.0,63.0,6475.0,643.0,49.0
"bldg@42.27395,-83.72103",meter_model+resstock,,42.27394658516523,-83.72103263574222,10131.0,1974,854.0,319.0,92.0,181.0,88.0,78.0,64.0,6525.0,624.0,48.9
"bldg@42.26494,-83.69622",meter_model+resstock,,42.2649398322943,-83.6962171786478,10016.0,1974,854.0,316.0,96.0,180.0,88.0,81.0,63.0,6466.0,652.0,49.1
"bldg@42.29025,-83.70123",meter_model+resstock,,42.2902533938667,-83.70122589496003,11950.0,1974,854.0,256.0,96.0,146.0,72.0,81.0,53.0,6508.0,634.0,48.9
"bldg@42.30645,-83.76908",meter_model+resstock,,42.306446042068956,-83.76907946254553,11503.0,1974,854.0,256.0,95.0,146.0,72.0,80.0,53.0,6505.0,629.0,48.9
"bldg@42.27291,-83.72762",meter_model+resstock,,42.27291171257343,-83.72762448403097,10588.0,1974,854.0,257.0,94.0,146.0,73.0,79.0,54.0,6525.0,624.0,48.9
"bldg@42.27442,-83.74133",meter_model+resstock,,42.27442383550667,-83.7413285531989,12390.0,1974,854.0,336.0,86.0,191.0,92.0,73.0,66.0,6505.0,633.0,48.9
"bldg@42.27240,-83.73410",meter_model+resstock,,42.27239934308497,-83.73409896689259,11750.0,1974,854.0,336.0,86.0,191.0,92.0,72.0,66.0,6507.0,630.0,48.9
"bldg@42.27396,-83.74103",meter_model+resstock,,42.273957283825396,-83.74103032793734,17196.0,1974,854.0,318.0,93.0,180.0,88.0,79.0,64.0,6505.0,633.0,48.9
"bldg@42.27088,-83.73272",meter_model+resstock,,42.27088489061551,-83.73271768167024,16108.0,1974,854.0,318.0,93.0,181.0,88.0,78.0,64.0,6507.0,630.0,48.9
"bldg@42.26917,-83.70310",meter_model+resstock,,42.26916519958344,-83.70310233860255,10247.0,1974,854.0,334.0,89.0,190.0,92.0,75.0,66.0,6466.0,652.0,49.1
"bldg@42.27285,-83.73123",meter_model+resstock,,42.272849098283096,-83.73122553542282,14748.0,1974,854.0,317.0,93.0,180.0,88.0,78.0,64.0,6507.0,630.0,48.9
"bldg@42.28034,-83.69432",meter_model+resstock,,42.28034334564722,-83.69431824473509,19610.0,1974,854.0,255.0,97.0,145.0,72.0,82.0,53.0,6479.0,645.0,49.0
"bldg@42.27042,-83.73100",meter_model+resstock,,42.270418414460195,-83.73099775910333,10281.0,1974,854.0,255.0,97.0,145.0,72.0,81.0,53.0,6487.0,640.0,49.0
"bldg@42.28241,-83.73638",meter_model+resstock,,42.28241188181255,-83.73638103913103,11606.0,1974,854.0,316.0,95.0,180.0,88.0,80.0,63.0,6472.0,646.0,49.1
"bldg@42.30666,-83.77194",meter_model+resstock,,42.30666070349655,-83.77193894018546,15150.0,1974,854.0,257.0,93.0,146.0,73.0,78.0,53.0,6536.0,615.0,48.8
"bldg@42.28111,-83.69474",meter_model+resstock,,42.28111465523145,-83.69474238787848,14612.0,1974,854.0,255.0,97.0,145.0,72.0,82.0,53.0,6479.0,645.0,49.0
"bldg@42.26708,-83.71112",meter_model+resstock,,42.26708035748388,-83.71111912065544,11332.0,1974,854.0,317.0,94.0,180.0,88.0,79.0,64.0,6495.0,638.0,49.0
"bldg@42.27245,-83.73270",meter_model+resstock,,42.272445404290345,-83.73269590418658,10754.0,1974,854.0,318.0,93.0,180.0,88.0,78.0,64.0,6507.0,630.0,48.9
"bldg@42.26618,-83.73638",meter_model+resstock,,42.26618129421494,-83.73637614617982,10629.0,1974,854.0,317.0,94.0,180.0,88.0,80.0,64.0,6487.0,640.0,49.0
"bldg@42.27383,-83.74543",meter_model+resstock,,42.27383488380655,-83.74543497029816,10400.0,1974,854.0,318.0,93.0,180.0,88.0,79.0,64.0,6505.0,633.0,48.9
"bldg@42.27259,-83.71029",meter_model+resstock,,42.27259068678457,-83.71028860427106,11850.0,1974,854.0,254.0,99.0,145.0,72.0,83.0,53.0,6458.0,654.0,49.1
"bldg@42.28254,-83.74332",meter_model+resstock,,42.282536607270316,-83.74332100134686,11444.0,1974,854.0,255.0,97.0,145.0,72.0,82.0,53.0,6475.0,643.0,49.0
"bldg@42.28244,-83.74411",meter_model+resstock,,42.28243926462833,-83.74410641915573,10750.0,1974,854.0,255.0,97.0,145.0,72.0,82.0,53.0,6475.0,643.0,49.0
"bldg@42.27975,-83.77260",meter_model+resstock,,42.279750704317216,-83.77259532618459,62820.0,1974,854.0,338.0,83.0,192.0,93.0,70.0,66.0,6542.0,613.0,48.8
"bldg@42.27667,-83.73385",meter_model+resstock,,42.27667386336047,-83.73384751342796,30177.0,1974,854.0,256.0,95.0,146.0,72.0,80.0,53.0,6507.0,630.0,48.9
"bldg@42.27660,-83.75081",meter_model+resstock,,42.27659753942567,-83.7508060359,19481.0,1974,854.0,316.0,95.0,180.0,88.0,80.0,63.0,6480.0,641.0,49.0
"bldg@42.27431,-83.73132",meter_model+resstock,,42.27431092688297,-83.73132302723884,18058.0,1974,854.0,318.0,93.0,180.0,88.0,78.0,64.0,6507.0,630.0,48.9
"bldg@42.27431,-83.72935",meter_model+resstock,,42.274313351140194,-83.72934755293534,16810.0,1974,854.0,317.0,93.0,180.0,88.0,78.0,64.0,6507.0,630.0,48.9
"bldg@42.30755,-83.77072",meter_model+resstock,,42.3075528120023,-83.7707213997939,16845.0,1974,854.0,318.0,93.0,180.0,88.0,78.0,64.0,6505.0,629.0,48.9
"bldg@42.30624,-83.77030",meter_model+resstock,,42.306239868764536,-83.77030379100711,19551.0,1974,854.0,256.0,95.0,145.0,72.0,80.0,53.0,6505.0,629.0,48.9
"bldg@42.27898,-83.69409",meter_model+resstock,,42.27897567356186,-83.69409066454858,13631.0,1974,854.0,313.0,99.0,179.0,87.0,83.0,63.0,6419.0,672.0,49.3
"bldg@42.27183,-83.73411",meter_model+resstock,,42.271831928806854,-83.73411416420853,13267.0,1974,854.0,317.0,93.0,180.0,88.0,78.0,64.0,6507.0,630.0,48.9
"bldg@42.28538,-83.73610",meter_model+resstock,,42.285380417778015,-83.73609969975787,12423.0,1974,854.0,316.0,95.0,180.0,88.0,80.0,63.0,6472.0,646.0,49.1
"bldg@42.26384,-83.72340",meter_model+resstock,,42.263835354924076,-83.72339707609598,12022.0,1974,854.0,318.0,93.0,181.0,88.0,79.0,64.0,6508.0,631.0,48.9
"bldg@42.27727,-83.68744",meter_model+resstock,,42.27727376046779,-83.68744046943557,11629.0,1974,854.0,315.0,97.0,180.0,88.0,81.0,63.0,6455.0,656.0,49.1
"bldg@42.28088,-83.69456",meter_model+resstock,,42.280883221727905,-83.69455802495715,15209.0,1974,854.0,255.0,97.0,145.0,72.0,82.0,53.0,6479.0,645.0,49.0
"bldg@42.29151,-83.70073",meter_model+resstock,,42.29151444726581,-83.70072901160314,11392.0,1974,854.0,318.0,93.0,181.0,88.0,79.0,64.0,6508.0,634.0,48.9
"bldg@42.27853,-83.69396",meter_model+resstock,,42.27853323169462,-83.69395798882283,10721.0,1974,854.0,313.0,99.0,179.0,87.0,83.0,63.0,6419.0,672.0,49.3
"bldg@42.27235,-83.72644",meter_model+resstock,,42.27234938456303,-83.7264430676353,14099.0,1974,854.0,257.0,94.0,146.0,72.0,79.0,53.0,6525.0,624.0,48.9
"bldg@42.26843,-83.73838",meter_model+resstock,,42.26842762652634,-83.73838416438596,10136.0,1974,854.0,316.0,94.0,180.0,88.0,80.0,63.0,6482.0,640.0,49.0
"bldg@42.27297,-83.70391",meter_model+resstock,,42.2729695708735,-83.70390703966157,10119.0,1974,854.0,313.0,99.0,179.0,87.0,83.0,63.0,6423.0,671.0,49.3
"bldg@42.26222,-83.71073",meter_model+resstock,,42.26221687415102,-83.71072568261042,10003.0,1974,854.0,317.0,94.0,180.0,88.0,80.0,64.0,6490.0,640.0,49.0
"bldg@42.27210,-83.72892",meter_model+resstock,,42.272097884609884,-83.72891641933685,12183.0,1974,854.0,257.0,94.0,146.0,73.0,79.0,54.0,6525.0,624.0,48.9
"bldg@42.26378,-83.69624",meter_model+resstock,,42.26378266484252,-83.69623650234577,13358.0,1974,854.0,316.0,96.0,180.0,88.0,81.0,63.0,6466.0,652.0,49.1
"bldg@42.26359,-83.69991",meter_model+resstock,,42.263587171321845,-83.69991081591832,13187.0,1974,854.0,316.0,96.0,180.0,88.0,81.0,63.0,6466.0,652.0,49.1
"bldg@42.30452,-83.77308",meter_model+resstock,,42.30452089474985,-83.77307971492388,16756.0,1974,854.0,257.0,93.0,146.0,73.0,78.0,53.0,6536.0,615.0,48.8
"bldg@42.30962,-83.77166",meter_model+resstock,,42.30962371967852,-83.77166023520422,11201.0,1974,854.0,319.0,91.0,181.0,89.0,76.0,64.0,6536.0,615.0,48.8
"bldg@42.27950,-83.69543",meter_model+resstock,,42.27950363810146,-83.69543493407932,16002.0,1974,854.0,255.0,97.0,145.0,72.0,82.0,53.0,6479.0,645.0,49.0
"bldg@42.26716,-83.73904",meter_model+resstock,,42.267161659690395,-83.73903852820689,10781.0,1974,854.0,316.0,94.0,180.0,88.0,80.0,63.0,6482.0,640.0,49.0
"bldg@42.27413,-83.72897",meter_model+resstock,,42.274128675798124,-83.72897370428281,15233.0,1974,854.0,337.0,85.0,191.0,93.0,72.0,66.0,6525.0,624.0,48.9
"bldg@42.27720,-83.73251",meter_model+resstock,,42.277204473804716,-83.73250887674943,27999.0,1974,854.0,256.0,95.0,146.0,72.0,80.0,53.0,6507.0,630.0,48.9
"bldg@42.27138,-83.71174",meter_model+resstock,,42.27137719367411,-83.71173927031191,12766.0,1974,854.0,333.0,89.0,190.0,92.0,75.0,66.0,6458.0,654.0,49.1
"bldg@42.27042,-83.78039",meter_model+resstock,,42.27042096319753,-83.78039274051883,11829.0,1974,854.0,340.0,81.0,193.0,93.0,69.0,67.0,6581.0,599.0,48.6
"bldg@42.28937,-83.69929",meter_model+resstock,,42.289368347305015,-83.6992855681772,19513.0,1974,854.0,256.0,96.0,146.0,72.0,81.0,53.0,6508.0,634.0,48.9
"bldg@42.27178,-83.73685",meter_model+resstock,,42.27177947580729,-83.7368473155413,11660.0,1974,854.0,317.0,93.0,180.0,88.0,78.0,64.0,6507.0,630.0,48.9
"bldg@42.31166,-83.77155",meter_model+resstock,,42.311664150754694,-83.77154506030585,12583.0,1974,854.0,319.0,91.0,181.0,88.0,76.0,64.0,6536.0,615.0,48.8
"bldg@42.28226,-83.69466",meter_model+resstock,,42.282258196616056,-83.69466407934588,16666.0,1974,854.0,255.0,97.0,145.0,72.0,82.0,53.0,6479.0,645.0,49.0
"bldg@42.26848,-83.70598",meter_model+resstock,,42.268475878653305,-83.70598435826824,12473.0,1974,854.0,317.0,94.0,180.0,88.0,79.0,64.0,6495.0,638.0,49.0
"bldg@42.27506,-83.68880",meter_model+resstock,,42.275055622051454,-83.68879907750723,12027.0,1974,854.0,313.0,99.0,179.0,87.0,83.0,63.0,6419.0,672.0,49.3
"bldg@42.29150,-83.70005",meter_model+resstock,,42.291497040585796,-83.7000497364242,11756.0,1974,854.0,318.0,93.0,181.0,88.0,79.0,64.0,6508.0,634.0,48.9
"bldg@42.27294,-83.72959",meter_model+resstock,,42.27294176193686,-83.72959084378937,11646.0,1974,854.0,317.0,93.0,180.0,88.0,78.0,64.0,6507.0,630.0,48.9
"bldg@42.27389,-83.72679",meter_model+resstock,,42.27388524969585,-83.72678918362601,11531.0,1974,854.0,319.0,92.0,181.0,88.0,78.0,64.0,6525.0,624.0,48.9
"bldg@42.27560,-83.73146",meter_model+resstock,,42.27560285599054,-83.73145952176654,11469.0,1974,854.0,318.0,93.0,181.0,88.0,78.0,64.0,6507.0,630.0,48.9
"bldg@42.31231,-83.77136",meter_model+resstock,,42.31231139665794,-83.77136192917446,11293.0,1974,854.0,319.0,91.0,181.0,88.0,76.0,64.0,6536.0,615.0,48.8
"bldg@42.28201,-83.69471",meter_model+resstock,,42.28201343331804,-83.69471426820502,11154.0,1974,854.0,316.0,95.0,180.0,88.0,80.0,63.0,6479.0,645.0,49.0
"bldg@42.26453,-83.69633",meter_model+resstock,,42.264527030825,-83.6963311607128,10625.0,1974,854.0,316.0,96.0,180.0,88.0,81.0,63.0,6466.0,652.0,49.1
"bldg@42.27207,-83.74303",meter_model+resstock,,42.27207232976281,-83.7430280306057,10599.0,1974,854.0,318.0,93.0,180.0,88.0,79.0,64.0,6505.0,633.0,48.9
"bldg@42.27685,-83.76551",meter_model+resstock,,42.27685318252031,-83.76551040851811,10482.0,1974,854.0,318.0,92.0,181.0,88.0,78.0,64.0,6520.0,625.0,48.9
"bldg@42.28271,-83.69101",meter_model+resstock,,42.28270733755943,-83.69100562403972,10480.0,1974,854.0,316.0,95.0,180.0,88.0,80.0,63.0,6479.0,645.0,49.0
"bldg@42.27545,-83.70812",meter_model+resstock,,42.27545464774402,-83.70811645307171,11374.0,1974,854.0,254.0,99.0,145.0,72.0,83.0,53.0,6458.0,654.0,49.1
"bldg@42.27768,-83.74653",meter_model+resstock,,42.27768103329296,-83.74652744816699,10701.0,1974,854.0,255.0,97.0,145.0,72.0,81.0,53.0,6481.0,641.0,49.0
"bldg@42.27142,-83.73353",meter_model+resstock,,42.27141756162385,-83.73353170004901,10317.0,1974,854.0,256.0,95.0,146.0,72.0,80.0,53.0,6507.0,630.0,48.9
"bldg@42.24591,-83.68775",meter_model+resstock,,42.245911803910076,-83.68774754145795,17446.0,1974,854.0,333.0,89.0,190.0,92.0,75.0,66.0,6449.0,657.0,49.2
"bldg@42.26840,-83.72233",meter_model+resstock,,42.268399414667186,-83.72233345841599,14712.0,1974,854.0,336.0,86.0,191.0,92.0,72.0,66.0,6508.0,631.0,48.9
"bldg@42.27068,-83.72428",meter_model+resstock,,42.2706761557087,-83.72427918831187,21855.0,1974,854.0,256.0,95.0,146.0,72.0,80.0,53.0,6508.0,631.0,48.9
"bldg@42.27479,-83.72907",meter_model+resstock,,42.274787979268275,-83.72906898289469,17075.0,1974,854.0,318.0,92.0,181.0,88.0,78.0,64.0,6525.0,624.0,48.9
"bldg@42.27973,-83.69421",meter_model+resstock,,42.279731664433044,-83.6942082457995,18790.0,1974,854.0,255.0,97.0,145.0,72.0,82.0,53.0,6479.0,645.0,49.0
"bldg@42.27175,-83.75013",meter_model+resstock,,42.27174808931778,-83.75012920527033,11211.0,1974,854.0,316.0,95.0,180.0,88.0,80.0,63.0,6480.0,641.0,49.0
"bldg@42.27386,-83.74565",meter_model+resstock,,42.27386249353546,-83.7456543897527,10135.0,1974,854.0,318.0,93.0,180.0,88.0,79.0,64.0,6505.0,633.0,48.9
"bldg@42.28206,-83.69387",meter_model+resstock,,42.28206145580935,-83.69387485612779,12363.0,1974,854.0,255.0,97.0,145.0,72.0,82.0,53.0,6479.0,645.0,49.0
"bldg@42.28504,-83.69192",meter_model+resstock,,42.285036745719594,-83.69191612630948,10073.0,1974,854.0,255.0,97.0,145.0,72.0,82.0,53.0,6479.0,645.0,49.0
"bldg@42.26859,-83.70692",meter_model+resstock,,42.268589183369556,-83.70691892944416,10844.0,1974,854.0,317.0,94.0,180.0,88.0,79.0,64.0,6495.0,638.0,49.0
"bldg@42.27448,-83.74725",meter_model+resstock,,42.2744753723,-83.74724945553352,10287.0,1974,854.0,316.0,95.0,180.0,88.0,80.0,63.0,6481.0,641.0,49.0
"bldg@42.28668,-83.74649",meter_model+resstock,,42.28668350197272,-83.74648811264015,10412.0,1974,854.0,315.0,95.0,179.0,88.0,80.0,63.0,6472.0,644.0,49.1
"bldg@42.27208,-83.74331",meter_model+resstock,,42.27208471618353,-83.74330563618234,10362.0,1974,854.0,318.0,93.0,180.0,88.0,79.0,64.0,6505.0,633.0,48.9
"bldg@42.27123,-83.72563",meter_model+resstock,,42.2712271625921,-83.72563063078755,15917.0,1974,854.0,337.0,85.0,191.0,93.0,72.0,66.0,6525.0,624.0,48.9
"bldg@42.26985,-83.74894",meter_model+resstock,,42.269847478099095,-83.74893662705524,11509.0,1974,854.0,336.0,85.0,191.0,92.0,72.0,66.0,6510.0,628.0,48.9
"bldg@42.27118,-83.73412",meter_model+resstock,,42.27118312600678,-83.73411809487476,18480.0,1974,854.0,256.0,95.0,145.0,72.0,80.0,53.0,6507.0,630.0,48.9
"bldg@42.30716,-83.77315",meter_model+resstock,,42.307158614241246,-83.77315169456858,11157.0,1974,854.0,319.0,91.0,181.0,88.0,76.0,64.0,6536.0,615.0,48.8
"bldg@42.27303,-83.73352",meter_model+resstock,,42.2730345202132,-83.73352341777633,17529.0,1974,854.0,317.0,93.0,180.0,88.0,78.0,63.0,6507.0,630.0,48.9
"bldg@42.30605,-83.77319",meter_model+resstock,,42.30604826336348,-83.77318551958624,12434.0,1974,854.0,319.0,91.0,181.0,88.0,76.0,64.0,6536.0,615.0,48.8
"bldg@42.27387,-83.74517",meter_model+resstock,,42.27386734810179,-83.74517276993316,12127.0,1974,854.0,318.0,93.0,180.0,88.0,79.0,64.0,6505.0,633.0,48.9
"bldg@42.26308,-83.69511",meter_model+resstock,,42.263084623223406,-83.69511379355717,11756.0,1974,854.0,313.0,99.0,179.0,87.0,83.0,63.0,6418.0,670.0,49.3
"bldg@42.28258,-83.69464",meter_model+resstock,,42.28257844363983,-83.69463606656436,12970.0,1974,854.0,255.0,97.0,145.0,72.0,82.0,53.0,6479.0,645.0,49.0
"bldg@42.30514,-83.77114",meter_model+resstock,,42.30514236738415,-83.77114158494004,12152.0,1974,854.0,257.0,93.0,146.0,73.0,78.0,53.0,6536.0,615.0,48.8
"bldg@42.28893,-83.69740",meter_model+resstock,,42.288931101677484,-83.69740420713168,12069.0,1974,854.0,256.0,96.0,146.0,72.0,81.0,53.0,6508.0,634.0,48.9
"bldg@42.30583,-83.77199",meter_model+resstock,,42.305827563397216,-83.77198731352115,11976.0,1974,854.0,257.0,93.0,146.0,73.0,78.0,53.0,6536.0,615.0,48.8
"bldg@42.25992,-83.70501",meter_model+resstock,,42.25991561717758,-83.70500907573397,11873.0,1974,854.0,255.0,97.0,145.0,72.0,81.0,53.0,6490.0,640.0,49.0
"bldg@42.31178,-83.77032",meter_model+resstock,,42.31177598256695,-83.77032303842427,11634.0,1974,854.0,256.0,95.0,146.0,72.0,80.0,53.0,6505.0,629.0,48.9
"bldg@42.29004,-83.69991",meter_model+resstock,,42.29003648326352,-83.69990864169603,11548.0,1974,854.0,256.0,96.0,146.0,72.0,81.0,53.0,6508.0,634.0,48.9
"bldg@42.27328,-83.72652",meter_model+resstock,,42.27328173106727,-83.72652070702779,10583.0,1974,854.0,319.0,92.0,181.0,88.0,78.0,64.0,6525.0,624.0,48.9
"bldg@42.27057,-83.73693",meter_model+resstock,,42.270565626673275,-83.73693190490982,18278.0,1974,854.0,317.0,94.0,180.0,88.0,80.0,63.0,6487.0,640.0,49.0
"bldg@42.27108,-83.74947",meter_model+resstock,,42.27107550752976,-83.74946663179182,17671.0,1974,854.0,316.0,95.0,180.0,88.0,80.0,63.0,6481.0,641.0,49.0
"bldg@42.26983,-83.73992",meter_model+resstock,,42.269828090338294,-83.7399244870554,17228.0,1974,854.0,316.0,94.0,180.0,88.0,80.0,63.0,6482.0,640.0,49.0
"bldg@42.27718,-83.68922",meter_model+resstock,,42.277182134162885,-83.6892246086833,16065.0,1974,854.0,313.0,99.0,179.0,87.0,83.0,63.0,6419.0,672.0,49.3
"bldg@42.27043,-83.74409",meter_model+resstock,,42.27043291855753,-83.74409062592161,15847.0,1974,854.0,316.0,94.0,180.0,88.0,80.0,63.0,6482.0,640.0,49.0
"bldg@42.30775,-83.76728",meter_model+resstock,,42.30775279648582,-83.76727711293296,14516.0,1974,854.0,318.0,93.0,181.0,88.0,78.0,64.0,6505.0,629.0,48.9
"bldg@42.27365,-83.72837",meter_model+resstock,,42.273653697447166,-83.7283705356204,14216.0,1974,854.0,319.0,92.0,181.0,88.0,78.0,64.0,6525.0,624.0,48.9
"bldg@42.28000,-83.69489",meter_model+resstock,,42.28000010115713,-83.6948878493937,14090.0,1974,854.0,316.0,95.0,180.0,88.0,80.0,63.0,6479.0,645.0,49.0
"bldg@42.27264,-83.73859",meter_model+resstock,,42.272639151194504,-83.73859402743938,13137.0,1974,854.0,318.0,93.0,180.0,88.0,79.0,64.0,6505.0,633.0,48.9
"bldg@42.27388,-83.71202",meter_model+resstock,,42.27387970275187,-83.71201634291577,10289.0,1974,854.0,333.0,89.0,190.0,92.0,75.0,66.0,6458.0,654.0,49.1
"bldg@42.26567,-83.72497",meter_model+resstock,,42.265672835077595,-83.72497360711698,12751.0,1974,854.0,318.0,93.0,181.0,88.0,79.0,64.0,6508.0,631.0,48.9
"bldg@42.27264,-83.74285",meter_model+resstock,,42.27264320155379,-83.74285328586903,16321.0,1974,854.0,256.0,96.0,146.0,72.0,80.0,53.0,6505.0,633.0,48.9
"bldg@42.26980,-83.74351",meter_model+resstock,,42.26980268348982,-83.74351072704012,11170.0,1974,854.0,316.0,94.0,180.0,88.0,80.0,63.0,6482.0,640.0,49.0
"bldg@42.26716,-83.73615",meter_model+resstock,,42.26716462269063,-83.73615107412955,11615.0,1974,854.0,317.0,94.0,180.0,88.0,80.0,64.0,6487.0,640.0,49.0
"bldg@42.26885,-83.73593",meter_model+resstock,,42.268851495042455,-83.73592704540803,10762.0,1974,854.0,316.0,94.0,180.0,88.0,80.0,63.0,6487.0,640.0,49.0
"bldg@42.26848,-83.71348",meter_model+resstock,,42.26847625982266,-83.71347714790252,12639.0,1974,854.0,336.0,85.0,191.0,93.0,72.0,66.0,6516.0,628.0,48.9
"bldg@42.27366,-83.75704",meter_model+resstock,,42.27366291566784,-83.75703872684554,11018.0,1974,854.0,317.0,94.0,180.0,88.0,79.0,63.0,6495.0,635.0,49.0
"bldg@42.28565,-83.74919",meter_model+resstock,,42.28564665254276,-83.74919241561564,10837.0,1974,854.0,316.0,95.0,180.0,88.0,80.0,63.0,6472.0,644.0,49.1
"bldg@42.26749,-83.70641",meter_model+resstock,,42.2674878459368,-83.70641239818039,13052.0,1974,854.0,317.0,94.0,180.0,88.0,79.0,64.0,6495.0,638.0,49.0
"bldg@42.26991,-83.74267",meter_model+resstock,,42.26991044078413,-83.74267089606235,10297.0,1974,854.0,316.0,94.0,180.0,88.0,80.0,63.0,6482.0,640.0,49.0
"bldg@42.27080,-83.74782",meter_model+resstock,,42.270795186058244,-83.74781720274264,10186.0,1974,854.0,318.0,93.0,181.0,88.0,78.0,64.0,6510.0,628.0,48.9
"bldg@42.31151,-83.77228",meter_model+resstock,,42.31151432490513,-83.77228144883921,10158.0,1974,854.0,319.0,91.0,181.0,89.0,76.0,64.0,6536.0,615.0,48.8
"bldg@42.26881,-83.71587",meter_model+resstock,,42.2688127695793,-83.71586565230055,10078.0,1974,854.0,318.0,93.0,181.0,88.0,78.0,64.0,6516.0,628.0,48.9
"bldg@42.28355,-83.74252",meter_model+resstock,,42.283554186797424,-83.74252244184177,10048.0,1974,854.0,316.0,95.0,180.0,88.0,80.0,63.0,6475.0,643.0,49.0
"bldg@42.27229,-83.72729",meter_model+resstock,,42.27228961363222,-83.72729410455838,11347.0,1974,854.0,257.0,94.0,146.0,72.0,79.0,53.0,6525.0,624.0,48.9
"bldg@42.28855,-83.69582",meter_model+resstock,,42.288554162989314,-83.69582208888431,10364.0,1974,854.0,257.0,95.0,146.0,72.0,80.0,53.0,6517.0,628.0,48.9
"bldg@42.31042,-83.77315",meter_model+resstock,,42.31041985974262,-83.77314895745593,10360.0,1974,854.0,257.0,93.0,146.0,73.0,78.0,53.0,6536.0,615.0,48.8
"bldg@42.28645,-83.74121",meter_model+resstock,,42.28645102125425,-83.74120857426114,18495.0,1974,854.0,316.0,95.0,180.0,88.0,80.0,63.0,6475.0,643.0,49.0
"bldg@42.27538,-83.73435",meter_model+resstock,,42.27537851420163,-83.73435128698682,14429.0,1974,854.0,256.0,95.0,145.0,72.0,80.0,53.0,6507.0,630.0,48.9
"bldg@42.27525,-83.72413",meter_model+resstock,,42.27525069992135,-83.72413090914658,12565.0,1974,854.0,319.0,92.0,181.0,88.0,78.0,64.0,6525.0,624.0,48.9
"bldg@42.27518,-83.70376",meter_model+resstock,,42.2751843788169,-83.70376419980252,13699.0,1974,854.0,253.0,101.0,144.0,72.0,85.0,53.0,6423.0,671.0,49.3
"bldg@42.27498,-83.70351",meter_model+resstock,,42.27497601990275,-83.70350883877049,13483.0,1974,854.0,253.0,101.0,144.0,72.0,85.0,53.0,6423.0,671.0,49.3
"bldg@42.27487,-83.70322",meter_model+resstock,,42.27486521039231,-83.70322306650752,11410.0,1974,854.0,253.0,101.0,144.0,72.0,85.0,53.0,6423.0,671.0,49.3
"bldg@42.27426,-83.70369",meter_model+resstock,,42.274263736717586,-83.70368819688164,12134.0,1974,854.0,331.0,91.0,189.0,91.0,77.0,65.0,6423.0,671.0,49.3
"bldg@42.30817,-83.77048",meter_model+resstock,,42.30817291432825,-83.7704751359433,11605.0,1974,854.0,256.0,95.0,146.0,72.0,80.0,53.0,6505.0,629.0,48.9
"bldg@42.30512,-83.77283",meter_model+resstock,,42.3051211702139,-83.77283014272139,10129.0,1974,854.0,319.0,91.0,181.0,89.0,76.0,64.0,6536.0,615.0,48.8
"bldg@42.27816,-83.69268",meter_model+resstock,,42.27816025806815,-83.6926797961389,11764.0,1974,854.0,331.0,91.0,189.0,91.0,77.0,65.0,6419.0,672.0,49.3
"bldg@42.27996,-83.77156",meter_model+resstock,,42.27996437174818,-83.77156162594207,13916.0,1974,854.0,374.0,85.0,212.0,102.0,72.0,73.0,6542.0,613.0,48.8
"bldg@42.28450,-83.71276",meter_model+resstock,,42.2845007577189,-83.71275563805492,17498.0,1974,854.0,332.0,90.0,189.0,91.0,76.0,65.0,6440.0,662.0,49.2
"bldg@42.26561,-83.72381",meter_model+resstock,,42.26561137289919,-83.72380625559758,16918.0,1974,854.0,318.0,93.0,181.0,88.0,79.0,64.0,6508.0,631.0,48.9
